[0.000000] (-) TimerEvent: {}
[0.000644] (activesplat) JobQueued: {'identifier': 'activesplat', 'dependencies': OrderedDict()}
[0.000685] (activesplat) JobStarted: {'identifier': 'activesplat'}
[0.011956] (activesplat) JobProgress: {'identifier': 'activesplat', 'progress': 'cmake'}
[0.013850] (activesplat) Command: {'cmd': ['/usr/bin/cmake', '/home/sancharyamg/ActiveSplat', '-DAMENT_CMAKE_SYMLINK_INSTALL=1', '-DCMAKE_INSTALL_PREFIX=/home/sancharyamg/ActiveSplat/install/activesplat'], 'cwd': '/home/sancharyamg/ActiveSplat/build/activesplat', 'env': OrderedDict({'CONDA_BACKUP_GCC': '/home/sancharyamg/miniconda3/envs/ActiveSplat/bin/x86_64-conda-linux-gnu-gcc', 'CONDA_BACKUP_host_alias': 'x86_64-conda-linux-gnu', 'LESSOPEN': '| /usr/bin/lesspipe %s', 'CONDA_PROMPT_MODIFIER': '(ActiveSplat312)', 'CONDA_BACKUP_RANLIB': '/home/sancharyamg/miniconda3/envs/ActiveSplat/bin/x86_64-conda-linux-gnu-ranlib', 'HTTPS_PROXY': 'http://172.28.32.1:7890', 'CONDA_BACKUP_CONDA_BUILD_SYSROOT': '/home/sancharyamg/miniconda3/envs/ActiveSplat/x86_64-conda-linux-gnu/sysroot', 'CONDA_BACKUP_STRIP': '/home/sancharyamg/miniconda3/envs/ActiveSplat/bin/x86_64-conda-linux-gnu-strip', 'USER': 'sancharyamg', 'SSH_CLIENT': '172.28.32.1 2525 22', 'CONDA_BACKUP_GXX': '/home/sancharyamg/miniconda3/envs/ActiveSplat/bin/x86_64-conda-linux-gnu-g++', 'all_proxy': 'socks5://172.28.32.1:7890', 'host_ip': '172.28.32.1', 'CONDA_BACKUP_build_alias': 'x86_64-conda-linux-gnu', 'XDG_SESSION_TYPE': 'tty', 'GIT_ASKPASS': '/home/sancharyamg/.antigravity-ide-server/bin/2.0.4-def9583aef9852ff94cb0dea16ede9bb6b095b30/extensions/git/dist/askpass.sh', 'SHLVL': '1', 'LD_LIBRARY_PATH': '/opt/ros/jazzy/lib/x86_64-linux-gnu:/opt/ros/jazzy/lib', 'BROWSER': '/home/sancharyamg/.antigravity-ide-server/bin/2.0.4-def9583aef9852ff94cb0dea16ede9bb6b095b30/bin/helpers/browser.sh', 'ANTIGRAVITY_CLI_ALIAS': 'agy-ide', 'HOME': '/home/sancharyamg', 'CONDA_SHLVL': '4', 'OLDPWD': '/home/sancharyamg/ActiveSplat/submodules/diff-gaussian-rasterization', 'TERM_PROGRAM_VERSION': '1.107.0', 'CONDA_BACKUP_BUILD': 'x86_64-conda-linux-gnu', 'CONDA_BACKUP_CONDA_TOOLCHAIN_HOST': 'x86_64-conda-linux-gnu', 'CONDA_BACKUP_CC': '/home/sancharyamg/miniconda3/envs/ActiveSplat/bin/x86_64-conda-linux-gnu-cc', 'CUDAHOSTCXX': 'g++-11', 'VSCODE_IPC_HOOK_CLI': '/run/user/1000/vscode-ipc-046c2565-8217-4b08-9f97-a5113647911e.sock', 'CONDA_BACKUP_GCC_AR': '/home/sancharyamg/miniconda3/envs/ActiveSplat/bin/x86_64-conda-linux-gnu-gcc-ar', 'CONDA_BACKUP_CXX_FOR_BUILD': '/home/sancharyamg/miniconda3/envs/ActiveSplat/bin/x86_64-conda-linux-gnu-c++', 'ROS_PYTHON_VERSION': '3', 'CONDA_BACKUP_CMAKE_PREFIX_PATH': '/home/sancharyamg/miniconda3/envs/ActiveSplat:/home/sancharyamg/miniconda3/envs/ActiveSplat/x86_64-conda-linux-gnu/sysroot/usr', 'VSCODE_GIT_ASKPASS_MAIN': '/home/sancharyamg/.antigravity-ide-server/bin/2.0.4-def9583aef9852ff94cb0dea16ede9bb6b095b30/extensions/git/dist/askpass-main.js', 'VSCODE_GIT_ASKPASS_NODE': '/home/sancharyamg/.antigravity-ide-server/bin/2.0.4-def9583aef9852ff94cb0dea16ede9bb6b095b30/node', 'VSCODE_PYTHON_AUTOACTIVATE_GUARD': '1', 'DBUS_SESSION_BUS_ADDRESS': 'unix:path=/run/user/1000/bus', 'COLORTERM': 'truecolor', '_CE_M': '', '_CONDA_ROOT': '/home/sancharyamg/miniconda3', 'CONDA_BACKUP_OBJDUMP': '/home/sancharyamg/miniconda3/envs/ActiveSplat/bin/x86_64-conda-linux-gnu-objdump', 'CONDA_BACKUP_CXXFLAGS': '-fvisibility-inlines-hidden -fmessage-length=0 -march=nocona -mtune=haswell -ftree-vectorize -fPIC -fstack-protector-strong -fno-plt -O2 -ffunction-sections -pipe -isystem /home/sancharyamg/miniconda3/envs/ActiveSplat/include -fvisibility-inlines-hidden -fmessage-length=0 -march=nocona -mtune=haswell -ftree-vectorize -fPIC -fstack-protector-strong -fno-plt -O2 -ffunction-sections -pipe -isystem /home/sancharyamg/miniconda3/envs/ActiveSplat/include', 'https_proxy': 'http://172.28.32.1:7890', 'ROS_DISTRO': 'jazzy', 'LOGNAME': 'sancharyamg', 'ALL_PROXY': 'socks5://172.28.32.1:7890', 'CONDA_BACKUP_GCC_NM': '/home/sancharyamg/miniconda3/envs/ActiveSplat/bin/x86_64-conda-linux-gnu-gcc-nm', 'CONDA_BACKUP__CONDA_PYTHON_SYSCONFIGDATA_NAME': '_sysconfigdata_x86_64_conda_cos6_linux_gnu', 'CONDA_BACKUP_LD_GOLD': '/home/sancharyamg/miniconda3/envs/ActiveSplat/bin/x86_64-conda-linux-gnu-ld.gold', 'http_proxy': 'http://172.28.32.1:7890', 'CONDA_BACKUP_CC_FOR_BUILD': '/home/sancharyamg/miniconda3/envs/ActiveSplat/bin/x86_64-conda-linux-gnu-cc', '_': '/home/sancharyamg/miniconda3/envs/ActiveSplat312/bin/colcon', 'ROS_VERSION': '2', 'CONDA_BACKUP_OBJCOPY': '/home/sancharyamg/miniconda3/envs/ActiveSplat/bin/x86_64-conda-linux-gnu-objcopy', 'CONDA_BACKUP_LD': '/home/sancharyamg/miniconda3/envs/ActiveSplat/bin/x86_64-conda-linux-gnu-ld', 'XDG_SESSION_CLASS': 'user', 'CONDA_BACKUP_DEBUG_CFLAGS': '-march=nocona -mtune=haswell -ftree-vectorize -fPIC -fstack-protector-all -fno-plt -Og -g -Wall -Wextra -fvar-tracking-assignments -ffunction-sections -pipe -isystem /home/sancharyamg/miniconda3/envs/ActiveSplat/include -march=nocona -mtune=haswell -ftree-vectorize -fPIC -fstack-protector-all -fno-plt -Og -g -Wall -Wextra -fvar-tracking-assignments -ffunction-sections -pipe -isystem /home/sancharyamg/miniconda3/envs/ActiveSplat/include', 'TERM': 'xterm-256color', 'XDG_SESSION_ID': '5', 'CONDA_BACKUP_CONDA_TOOLCHAIN_BUILD': 'x86_64-conda-linux-gnu', '_CE_CONDA': '', 'CONDA_BACKUP_AR': '/home/sancharyamg/miniconda3/envs/ActiveSplat/bin/x86_64-conda-linux-gnu-ar', 'PATH': '/home/sancharyamg/.antigravity-ide-server/bin/2.0.4-def9583aef9852ff94cb0dea16ede9bb6b095b30/bin/remote-cli:/opt/ros/jazzy/bin:/home/sancharyamg/miniconda3/envs/ActiveSplat312/bin:/home/sancharyamg/miniconda3/condabin:/usr/local/sbin:/usr/local/bin:/usr/sbin:/usr/bin:/sbin:/bin:/usr/games:/usr/local/games:/snap/bin', 'CONDA_BACKUP_AS': '/home/sancharyamg/miniconda3/envs/ActiveSplat/bin/x86_64-conda-linux-gnu-as', 'CONDA_BACKUP_GPROF': '/home/sancharyamg/miniconda3/envs/ActiveSplat/bin/x86_64-conda-linux-gnu-gprof', 'CONDA_BACKUP_READELF': '/home/sancharyamg/miniconda3/envs/ActiveSplat/bin/x86_64-conda-linux-gnu-readelf', 'CONDA_BACKUP_DEBUG_CPPFLAGS': '-D_DEBUG -D_FORTIFY_SOURCE=2 -Og -isystem /home/sancharyamg/miniconda3/envs/ActiveSplat/include -D_DEBUG -D_FORTIFY_SOURCE=2 -Og -isystem /home/sancharyamg/miniconda3/envs/ActiveSplat/include', 'CONDA_BACKUP_CPP': '/home/sancharyamg/miniconda3/envs/ActiveSplat/bin/x86_64-conda-linux-gnu-cpp', 'XDG_RUNTIME_DIR': '/run/user/1000', 'LANG': 'C.UTF-8', 'CONDA_PREFIX_1': '/home/sancharyamg/miniconda3', 'LS_COLORS': 'rs=0:di=01;34:ln=01;36:mh=00:pi=40;33:so=01;35:do=01;35:bd=40;33;01:cd=40;33;01:or=40;31;01:mi=00:su=37;41:sg=30;43:ca=00:tw=30;42:ow=34;42:st=37;44:ex=01;32:*.tar=01;31:*.tgz=01;31:*.arc=01;31:*.arj=01;31:*.taz=01;31:*.lha=01;31:*.lz4=01;31:*.lzh=01;31:*.lzma=01;31:*.tlz=01;31:*.txz=01;31:*.tzo=01;31:*.t7z=01;31:*.zip=01;31:*.z=01;31:*.dz=01;31:*.gz=01;31:*.lrz=01;31:*.lz=01;31:*.lzo=01;31:*.xz=01;31:*.zst=01;31:*.tzst=01;31:*.bz2=01;31:*.bz=01;31:*.tbz=01;31:*.tbz2=01;31:*.tz=01;31:*.deb=01;31:*.rpm=01;31:*.jar=01;31:*.war=01;31:*.ear=01;31:*.sar=01;31:*.rar=01;31:*.alz=01;31:*.ace=01;31:*.zoo=01;31:*.cpio=01;31:*.7z=01;31:*.rz=01;31:*.cab=01;31:*.wim=01;31:*.swm=01;31:*.dwm=01;31:*.esd=01;31:*.avif=01;35:*.jpg=01;35:*.jpeg=01;35:*.mjpg=01;35:*.mjpeg=01;35:*.gif=01;35:*.bmp=01;35:*.pbm=01;35:*.pgm=01;35:*.ppm=01;35:*.tga=01;35:*.xbm=01;35:*.xpm=01;35:*.tif=01;35:*.tiff=01;35:*.png=01;35:*.svg=01;35:*.svgz=01;35:*.mng=01;35:*.pcx=01;35:*.mov=01;35:*.mpg=01;35:*.mpeg=01;35:*.m2v=01;35:*.mkv=01;35:*.webm=01;35:*.webp=01;35:*.ogm=01;35:*.mp4=01;35:*.m4v=01;35:*.mp4v=01;35:*.vob=01;35:*.qt=01;35:*.nuv=01;35:*.wmv=01;35:*.asf=01;35:*.rm=01;35:*.rmvb=01;35:*.flc=01;35:*.avi=01;35:*.fli=01;35:*.flv=01;35:*.gl=01;35:*.dl=01;35:*.xcf=01;35:*.xwd=01;35:*.yuv=01;35:*.cgm=01;35:*.emf=01;35:*.ogv=01;35:*.ogx=01;35:*.aac=00;36:*.au=00;36:*.flac=00;36:*.m4a=00;36:*.mid=00;36:*.midi=00;36:*.mka=00;36:*.mp3=00;36:*.mpc=00;36:*.ogg=00;36:*.ra=00;36:*.wav=00;36:*.oga=00;36:*.opus=00;36:*.spx=00;36:*.xspf=00;36:*~=00;90:*#=00;90:*.bak=00;90:*.crdownload=00;90:*.dpkg-dist=00;90:*.dpkg-new=00;90:*.dpkg-old=00;90:*.dpkg-tmp=00;90:*.old=00;90:*.orig=00;90:*.part=00;90:*.rej=00;90:*.rpmnew=00;90:*.rpmorig=00;90:*.rpmsave=00;90:*.swp=00;90:*.tmp=00;90:*.ucf-dist=00;90:*.ucf-new=00;90:*.ucf-old=00;90:', 'VSCODE_GIT_IPC_HANDLE': '/run/user/1000/vscode-git-1d5cb1e9f5.sock', 'CONDA_PREFIX_2': '/home/sancharyamg/miniconda3/envs/ActiveSplat312', 'TERM_PROGRAM': 'vscode', 'SSH_AUTH_SOCK': '/tmp/.antigravity-ide-server/.def9583aef9852ff94cb0dea16ede9bb6b095b30-ssh-auth.sock', 'AMENT_PREFIX_PATH': '/opt/ros/jazzy', 'CONDA_PYTHON_EXE': '/home/sancharyamg/miniconda3/bin/python', 'CONDA_PREFIX_3': '/home/sancharyamg/miniconda3/envs/ActiveSplat', 'SHELL': '/bin/bash', 'CXX': 'g++-11', 'CONDA_BACKUP_NM': '/home/sancharyamg/miniconda3/envs/ActiveSplat/bin/x86_64-conda-linux-gnu-nm', 'CONDA_BACKUP_GCC_RANLIB': '/home/sancharyamg/miniconda3/envs/ActiveSplat/bin/x86_64-conda-linux-gnu-gcc-ranlib', 'LESSCLOSE': '/usr/bin/lesspipe %s %s', 'CONDA_BACKUP_CXXFILT': '/home/sancharyamg/miniconda3/envs/ActiveSplat/bin/x86_64-conda-linux-gnu-c++filt', 'CONDA_DEFAULT_ENV': 'ActiveSplat312', 'CONDA_BACKUP_LDFLAGS': '-Wl,-O2 -Wl,--sort-common -Wl,--as-needed -Wl,-z,relro -Wl,-z,now -Wl,--disable-new-dtags -Wl,--gc-sections -Wl,--allow-shlib-undefined -Wl,-rpath,/home/sancharyamg/miniconda3/envs/ActiveSplat/lib -Wl,-rpath-link,/home/sancharyamg/miniconda3/envs/ActiveSplat/lib -L/home/sancharyamg/miniconda3/envs/ActiveSplat/lib -Wl,-O2 -Wl,--sort-common -Wl,--as-needed -Wl,-z,relro -Wl,-z,now -Wl,--disable-new-dtags -Wl,--gc-sections -Wl,--allow-shlib-undefined -Wl,-rpath,/home/sancharyamg/miniconda3/envs/ActiveSplat/lib -Wl,-rpath-link,/home/sancharyamg/miniconda3/envs/ActiveSplat/lib -L/home/sancharyamg/miniconda3/envs/ActiveSplat/lib', 'CONDA_BACKUP_ELFEDIT': '/home/sancharyamg/miniconda3/envs/ActiveSplat/bin/x86_64-conda-linux-gnu-elfedit', '_CONDA_EXE': '/home/sancharyamg/miniconda3/bin/conda', 'CONDA_BACKUP_MESON_ARGS': '--buildtype release', 'CONDA_BACKUP_SIZE': '/home/sancharyamg/miniconda3/envs/ActiveSplat/bin/x86_64-conda-linux-gnu-size', 'CONDA_BACKUP_CFLAGS': '-march=nocona -mtune=haswell -ftree-vectorize -fPIC -fstack-protector-strong -fno-plt -O2 -ffunction-sections -pipe -isystem /home/sancharyamg/miniconda3/envs/ActiveSplat/include -march=nocona -mtune=haswell -ftree-vectorize -fPIC -fstack-protector-strong -fno-plt -O2 -ffunction-sections -pipe -isystem /home/sancharyamg/miniconda3/envs/ActiveSplat/include', 'ROS_AUTOMATIC_DISCOVERY_RANGE': 'SUBNET', 'VSCODE_GIT_ASKPASS_EXTRA_ARGS': '', 'PWD': '/home/sancharyamg/ActiveSplat/build/activesplat', 'CUDA_HOME': '/home/sancharyamg/miniconda3/envs/ActiveSplat312', 'CONDA_EXE': '/home/sancharyamg/miniconda3/bin/conda', 'CONDA_BACKUP_ADDR2LINE': '/home/sancharyamg/miniconda3/envs/ActiveSplat/bin/x86_64-conda-linux-gnu-addr2line', 'SSH_CONNECTION': '172.28.32.1 2525 172.28.47.249 22', 'XDG_DATA_DIRS': '/usr/local/share:/usr/share:/var/lib/snapd/desktop', 'CONDA_BACKUP_HOST': 'x86_64-conda-linux-gnu', 'PYTHONPATH': '/opt/ros/jazzy/lib/python3.12/site-packages', 'HTTP_PROXY': 'http://172.28.32.1:7890', 'CONDA_PREFIX': '/home/sancharyamg/miniconda3/envs/ActiveSplat312', 'CONDA_BACKUP_CPPFLAGS': '-DNDEBUG -D_FORTIFY_SOURCE=2 -O2 -isystem /home/sancharyamg/miniconda3/envs/ActiveSplat/include -DNDEBUG -D_FORTIFY_SOURCE=2 -O2 -isystem /home/sancharyamg/miniconda3/envs/ActiveSplat/include', 'CC': 'gcc-11', 'COLCON': '1', 'CONDA_BACKUP_STRINGS': '/home/sancharyamg/miniconda3/envs/ActiveSplat/bin/x86_64-conda-linux-gnu-strings', 'CONDA_BACKUP_DEBUG_CXXFLAGS': '-fvisibility-inlines-hidden -fmessage-length=0 -march=nocona -mtune=haswell -ftree-vectorize -fPIC -fstack-protector-all -fno-plt -Og -g -Wall -Wextra -fvar-tracking-assignments -ffunction-sections -pipe -isystem /home/sancharyamg/miniconda3/envs/ActiveSplat/include -fvisibility-inlines-hidden -fmessage-length=0 -march=nocona -mtune=haswell -ftree-vectorize -fPIC -fstack-protector-all -fno-plt -Og -g -Wall -Wextra -fvar-tracking-assignments -ffunction-sections -pipe -isystem /home/sancharyamg/miniconda3/envs/ActiveSplat/include', 'CONDA_BACKUP_CXX': '/home/sancharyamg/miniconda3/envs/ActiveSplat/bin/x86_64-conda-linux-gnu-c++', 'CMAKE_PREFIX_PATH': '/opt/ros/jazzy'}), 'shell': False}
[0.099891] (-) TimerEvent: {}
[0.196062] (activesplat) StdoutLine: {'line': b'-- The C compiler identification is GNU 11.5.0\n'}
[0.199976] (-) TimerEvent: {}
[0.250151] (activesplat) StdoutLine: {'line': b'-- The CXX compiler identification is GNU 11.5.0\n'}
[0.270317] (activesplat) StdoutLine: {'line': b'-- Detecting C compiler ABI info\n'}
[0.300103] (-) TimerEvent: {}
[0.368165] (activesplat) StdoutLine: {'line': b'-- Detecting C compiler ABI info - done\n'}
[0.374237] (activesplat) StdoutLine: {'line': b'-- Check for working C compiler: /usr/bin/gcc-11 - skipped\n'}
[0.374786] (activesplat) StdoutLine: {'line': b'-- Detecting C compile features\n'}
[0.375440] (activesplat) StdoutLine: {'line': b'-- Detecting C compile features - done\n'}
[0.384149] (activesplat) StdoutLine: {'line': b'-- Detecting CXX compiler ABI info\n'}
[0.400210] (-) TimerEvent: {}
[0.469013] (activesplat) StdoutLine: {'line': b'-- Detecting CXX compiler ABI info - done\n'}
[0.475343] (activesplat) StdoutLine: {'line': b'-- Check for working CXX compiler: /usr/bin/g++-11 - skipped\n'}
[0.475548] (activesplat) StdoutLine: {'line': b'-- Detecting CXX compile features\n'}
[0.475906] (activesplat) StdoutLine: {'line': b'-- Detecting CXX compile features - done\n'}
[0.486605] (activesplat) StdoutLine: {'line': b'-- Found ament_cmake: 2.5.6 (/opt/ros/jazzy/share/ament_cmake/cmake)\n'}
[0.500312] (-) TimerEvent: {}
[0.600554] (-) TimerEvent: {}
[0.617875] (activesplat) StdoutLine: {'line': b'-- Found Python3: /home/sancharyamg/miniconda3/envs/ActiveSplat312/bin/python3 (found version "3.12.13") found components: Interpreter \n'}
[0.680192] (activesplat) StdoutLine: {'line': b'-- Override CMake install command with custom implementation using symlinks instead of copying resources\n'}
[0.700667] (-) TimerEvent: {}
[0.714220] (activesplat) StdoutLine: {'line': b'-- Found std_msgs: 5.3.7 (/opt/ros/jazzy/share/std_msgs/cmake)\n'}
[0.756613] (activesplat) StdoutLine: {'line': b'-- Found rosidl_generator_c: 4.6.7 (/opt/ros/jazzy/share/rosidl_generator_c/cmake)\n'}
[0.769151] (activesplat) StdoutLine: {'line': b'-- Found rosidl_generator_cpp: 4.6.7 (/opt/ros/jazzy/share/rosidl_generator_cpp/cmake)\n'}
[0.790563] (activesplat) StdoutLine: {'line': b'-- Using all available rosidl_typesupport_c: rosidl_typesupport_fastrtps_c;rosidl_typesupport_introspection_c\n'}
[0.800777] (-) TimerEvent: {}
[0.811436] (activesplat) StdoutLine: {'line': b'-- Using all available rosidl_typesupport_cpp: rosidl_typesupport_fastrtps_cpp;rosidl_typesupport_introspection_cpp\n'}
[0.847596] (activesplat) StdoutLine: {'line': b'-- Found sensor_msgs: 5.3.7 (/opt/ros/jazzy/share/sensor_msgs/cmake)\n'}
[0.900929] (-) TimerEvent: {}
[0.910037] (activesplat) StdoutLine: {'line': b'-- Found rosidl_default_generators: 1.6.0 (/opt/ros/jazzy/share/rosidl_default_generators/cmake)\n'}
[0.928935] (activesplat) StdoutLine: {'line': b'-- Found rosidl_adapter: 4.6.7 (/opt/ros/jazzy/share/rosidl_adapter/cmake)\n'}
[1.001046] (-) TimerEvent: {}
[1.101306] (-) TimerEvent: {}
[1.201561] (-) TimerEvent: {}
[1.301821] (-) TimerEvent: {}
[1.402102] (-) TimerEvent: {}
[1.502383] (-) TimerEvent: {}
[1.539539] (activesplat) StdoutLine: {'line': b'-- Found ament_cmake_ros: 0.12.0 (/opt/ros/jazzy/share/ament_cmake_ros/cmake)\n'}
[1.602506] (-) TimerEvent: {}
[1.702761] (-) TimerEvent: {}
[1.803005] (-) TimerEvent: {}
[1.903263] (-) TimerEvent: {}
[2.003503] (-) TimerEvent: {}
[2.103750] (-) TimerEvent: {}
[2.204012] (-) TimerEvent: {}
[2.304265] (-) TimerEvent: {}
[2.346954] (activesplat) StdoutLine: {'line': b'-- Using all available rosidl_typesupport_c: rosidl_typesupport_fastrtps_c;rosidl_typesupport_introspection_c\n'}
[2.404381] (-) TimerEvent: {}
[2.504626] (-) TimerEvent: {}
[2.604865] (-) TimerEvent: {}
[2.659062] (activesplat) StdoutLine: {'line': b'-- Using all available rosidl_typesupport_cpp: rosidl_typesupport_fastrtps_cpp;rosidl_typesupport_introspection_cpp\n'}
[2.661952] (activesplat) StdoutLine: {'line': b'-- Found python_cmake_module: 0.11.1 (/opt/ros/jazzy/share/python_cmake_module/cmake)\n'}
[2.705096] (-) TimerEvent: {}
[2.788735] (activesplat) StdoutLine: {'line': b'-- Found PythonExtra: /home/sancharyamg/miniconda3/envs/ActiveSplat312/bin/python3  \n'}
[2.805211] (-) TimerEvent: {}
[2.905581] (-) TimerEvent: {}
[3.005816] (-) TimerEvent: {}
[3.106032] (-) TimerEvent: {}
[3.194406] (activesplat) StdoutLine: {'line': b'-- Found Python3: /home/sancharyamg/miniconda3/envs/ActiveSplat312/bin/python3 (found version "3.12.13") found components: Interpreter Development NumPy Development.Module Development.Embed \n'}
[3.206107] (-) TimerEvent: {}
[3.306351] (-) TimerEvent: {}
[3.321275] (activesplat) StdoutLine: {'line': b'-- Found Python3: /home/sancharyamg/miniconda3/envs/ActiveSplat312/bin/python3 (found version "3.12.13") found components: Interpreter \n'}
[3.340069] (activesplat) StdoutLine: {'line': b'-- Configuring done (3.2s)\n'}
[3.406478] (-) TimerEvent: {}
[3.411268] (activesplat) StdoutLine: {'line': b'-- Generating done (0.1s)\n'}
[3.421461] (activesplat) StdoutLine: {'line': b'-- Build files have been written to: /home/sancharyamg/ActiveSplat/build/activesplat\n'}
[3.430570] (activesplat) CommandEnded: {'returncode': 0}
[3.431179] (activesplat) JobProgress: {'identifier': 'activesplat', 'progress': 'build'}
[3.431944] (activesplat) Command: {'cmd': ['/usr/bin/cmake', '--build', '/home/sancharyamg/ActiveSplat/build/activesplat', '--', '-j12', '-l12'], 'cwd': '/home/sancharyamg/ActiveSplat/build/activesplat', 'env': OrderedDict({'CONDA_BACKUP_GCC': '/home/sancharyamg/miniconda3/envs/ActiveSplat/bin/x86_64-conda-linux-gnu-gcc', 'CONDA_BACKUP_host_alias': 'x86_64-conda-linux-gnu', 'LESSOPEN': '| /usr/bin/lesspipe %s', 'CONDA_PROMPT_MODIFIER': '(ActiveSplat312)', 'CONDA_BACKUP_RANLIB': '/home/sancharyamg/miniconda3/envs/ActiveSplat/bin/x86_64-conda-linux-gnu-ranlib', 'HTTPS_PROXY': 'http://172.28.32.1:7890', 'CONDA_BACKUP_CONDA_BUILD_SYSROOT': '/home/sancharyamg/miniconda3/envs/ActiveSplat/x86_64-conda-linux-gnu/sysroot', 'CONDA_BACKUP_STRIP': '/home/sancharyamg/miniconda3/envs/ActiveSplat/bin/x86_64-conda-linux-gnu-strip', 'USER': 'sancharyamg', 'SSH_CLIENT': '172.28.32.1 2525 22', 'CONDA_BACKUP_GXX': '/home/sancharyamg/miniconda3/envs/ActiveSplat/bin/x86_64-conda-linux-gnu-g++', 'all_proxy': 'socks5://172.28.32.1:7890', 'host_ip': '172.28.32.1', 'CONDA_BACKUP_build_alias': 'x86_64-conda-linux-gnu', 'XDG_SESSION_TYPE': 'tty', 'GIT_ASKPASS': '/home/sancharyamg/.antigravity-ide-server/bin/2.0.4-def9583aef9852ff94cb0dea16ede9bb6b095b30/extensions/git/dist/askpass.sh', 'SHLVL': '1', 'LD_LIBRARY_PATH': '/opt/ros/jazzy/lib/x86_64-linux-gnu:/opt/ros/jazzy/lib', 'BROWSER': '/home/sancharyamg/.antigravity-ide-server/bin/2.0.4-def9583aef9852ff94cb0dea16ede9bb6b095b30/bin/helpers/browser.sh', 'ANTIGRAVITY_CLI_ALIAS': 'agy-ide', 'HOME': '/home/sancharyamg', 'CONDA_SHLVL': '4', 'OLDPWD': '/home/sancharyamg/ActiveSplat/submodules/diff-gaussian-rasterization', 'TERM_PROGRAM_VERSION': '1.107.0', 'CONDA_BACKUP_BUILD': 'x86_64-conda-linux-gnu', 'CONDA_BACKUP_CONDA_TOOLCHAIN_HOST': 'x86_64-conda-linux-gnu', 'CONDA_BACKUP_CC': '/home/sancharyamg/miniconda3/envs/ActiveSplat/bin/x86_64-conda-linux-gnu-cc', 'CUDAHOSTCXX': 'g++-11', 'VSCODE_IPC_HOOK_CLI': '/run/user/1000/vscode-ipc-046c2565-8217-4b08-9f97-a5113647911e.sock', 'CONDA_BACKUP_GCC_AR': '/home/sancharyamg/miniconda3/envs/ActiveSplat/bin/x86_64-conda-linux-gnu-gcc-ar', 'CONDA_BACKUP_CXX_FOR_BUILD': '/home/sancharyamg/miniconda3/envs/ActiveSplat/bin/x86_64-conda-linux-gnu-c++', 'ROS_PYTHON_VERSION': '3', 'CONDA_BACKUP_CMAKE_PREFIX_PATH': '/home/sancharyamg/miniconda3/envs/ActiveSplat:/home/sancharyamg/miniconda3/envs/ActiveSplat/x86_64-conda-linux-gnu/sysroot/usr', 'VSCODE_GIT_ASKPASS_MAIN': '/home/sancharyamg/.antigravity-ide-server/bin/2.0.4-def9583aef9852ff94cb0dea16ede9bb6b095b30/extensions/git/dist/askpass-main.js', 'VSCODE_GIT_ASKPASS_NODE': '/home/sancharyamg/.antigravity-ide-server/bin/2.0.4-def9583aef9852ff94cb0dea16ede9bb6b095b30/node', 'VSCODE_PYTHON_AUTOACTIVATE_GUARD': '1', 'DBUS_SESSION_BUS_ADDRESS': 'unix:path=/run/user/1000/bus', 'COLORTERM': 'truecolor', '_CE_M': '', '_CONDA_ROOT': '/home/sancharyamg/miniconda3', 'CONDA_BACKUP_OBJDUMP': '/home/sancharyamg/miniconda3/envs/ActiveSplat/bin/x86_64-conda-linux-gnu-objdump', 'CONDA_BACKUP_CXXFLAGS': '-fvisibility-inlines-hidden -fmessage-length=0 -march=nocona -mtune=haswell -ftree-vectorize -fPIC -fstack-protector-strong -fno-plt -O2 -ffunction-sections -pipe -isystem /home/sancharyamg/miniconda3/envs/ActiveSplat/include -fvisibility-inlines-hidden -fmessage-length=0 -march=nocona -mtune=haswell -ftree-vectorize -fPIC -fstack-protector-strong -fno-plt -O2 -ffunction-sections -pipe -isystem /home/sancharyamg/miniconda3/envs/ActiveSplat/include', 'https_proxy': 'http://172.28.32.1:7890', 'ROS_DISTRO': 'jazzy', 'LOGNAME': 'sancharyamg', 'ALL_PROXY': 'socks5://172.28.32.1:7890', 'CONDA_BACKUP_GCC_NM': '/home/sancharyamg/miniconda3/envs/ActiveSplat/bin/x86_64-conda-linux-gnu-gcc-nm', 'CONDA_BACKUP__CONDA_PYTHON_SYSCONFIGDATA_NAME': '_sysconfigdata_x86_64_conda_cos6_linux_gnu', 'CONDA_BACKUP_LD_GOLD': '/home/sancharyamg/miniconda3/envs/ActiveSplat/bin/x86_64-conda-linux-gnu-ld.gold', 'http_proxy': 'http://172.28.32.1:7890', 'CONDA_BACKUP_CC_FOR_BUILD': '/home/sancharyamg/miniconda3/envs/ActiveSplat/bin/x86_64-conda-linux-gnu-cc', '_': '/home/sancharyamg/miniconda3/envs/ActiveSplat312/bin/colcon', 'ROS_VERSION': '2', 'CONDA_BACKUP_OBJCOPY': '/home/sancharyamg/miniconda3/envs/ActiveSplat/bin/x86_64-conda-linux-gnu-objcopy', 'CONDA_BACKUP_LD': '/home/sancharyamg/miniconda3/envs/ActiveSplat/bin/x86_64-conda-linux-gnu-ld', 'XDG_SESSION_CLASS': 'user', 'CONDA_BACKUP_DEBUG_CFLAGS': '-march=nocona -mtune=haswell -ftree-vectorize -fPIC -fstack-protector-all -fno-plt -Og -g -Wall -Wextra -fvar-tracking-assignments -ffunction-sections -pipe -isystem /home/sancharyamg/miniconda3/envs/ActiveSplat/include -march=nocona -mtune=haswell -ftree-vectorize -fPIC -fstack-protector-all -fno-plt -Og -g -Wall -Wextra -fvar-tracking-assignments -ffunction-sections -pipe -isystem /home/sancharyamg/miniconda3/envs/ActiveSplat/include', 'TERM': 'xterm-256color', 'XDG_SESSION_ID': '5', 'CONDA_BACKUP_CONDA_TOOLCHAIN_BUILD': 'x86_64-conda-linux-gnu', '_CE_CONDA': '', 'CONDA_BACKUP_AR': '/home/sancharyamg/miniconda3/envs/ActiveSplat/bin/x86_64-conda-linux-gnu-ar', 'PATH': '/home/sancharyamg/.antigravity-ide-server/bin/2.0.4-def9583aef9852ff94cb0dea16ede9bb6b095b30/bin/remote-cli:/opt/ros/jazzy/bin:/home/sancharyamg/miniconda3/envs/ActiveSplat312/bin:/home/sancharyamg/miniconda3/condabin:/usr/local/sbin:/usr/local/bin:/usr/sbin:/usr/bin:/sbin:/bin:/usr/games:/usr/local/games:/snap/bin', 'CONDA_BACKUP_AS': '/home/sancharyamg/miniconda3/envs/ActiveSplat/bin/x86_64-conda-linux-gnu-as', 'CONDA_BACKUP_GPROF': '/home/sancharyamg/miniconda3/envs/ActiveSplat/bin/x86_64-conda-linux-gnu-gprof', 'CONDA_BACKUP_READELF': '/home/sancharyamg/miniconda3/envs/ActiveSplat/bin/x86_64-conda-linux-gnu-readelf', 'CONDA_BACKUP_DEBUG_CPPFLAGS': '-D_DEBUG -D_FORTIFY_SOURCE=2 -Og -isystem /home/sancharyamg/miniconda3/envs/ActiveSplat/include -D_DEBUG -D_FORTIFY_SOURCE=2 -Og -isystem /home/sancharyamg/miniconda3/envs/ActiveSplat/include', 'CONDA_BACKUP_CPP': '/home/sancharyamg/miniconda3/envs/ActiveSplat/bin/x86_64-conda-linux-gnu-cpp', 'XDG_RUNTIME_DIR': '/run/user/1000', 'LANG': 'C.UTF-8', 'CONDA_PREFIX_1': '/home/sancharyamg/miniconda3', 'LS_COLORS': 'rs=0:di=01;34:ln=01;36:mh=00:pi=40;33:so=01;35:do=01;35:bd=40;33;01:cd=40;33;01:or=40;31;01:mi=00:su=37;41:sg=30;43:ca=00:tw=30;42:ow=34;42:st=37;44:ex=01;32:*.tar=01;31:*.tgz=01;31:*.arc=01;31:*.arj=01;31:*.taz=01;31:*.lha=01;31:*.lz4=01;31:*.lzh=01;31:*.lzma=01;31:*.tlz=01;31:*.txz=01;31:*.tzo=01;31:*.t7z=01;31:*.zip=01;31:*.z=01;31:*.dz=01;31:*.gz=01;31:*.lrz=01;31:*.lz=01;31:*.lzo=01;31:*.xz=01;31:*.zst=01;31:*.tzst=01;31:*.bz2=01;31:*.bz=01;31:*.tbz=01;31:*.tbz2=01;31:*.tz=01;31:*.deb=01;31:*.rpm=01;31:*.jar=01;31:*.war=01;31:*.ear=01;31:*.sar=01;31:*.rar=01;31:*.alz=01;31:*.ace=01;31:*.zoo=01;31:*.cpio=01;31:*.7z=01;31:*.rz=01;31:*.cab=01;31:*.wim=01;31:*.swm=01;31:*.dwm=01;31:*.esd=01;31:*.avif=01;35:*.jpg=01;35:*.jpeg=01;35:*.mjpg=01;35:*.mjpeg=01;35:*.gif=01;35:*.bmp=01;35:*.pbm=01;35:*.pgm=01;35:*.ppm=01;35:*.tga=01;35:*.xbm=01;35:*.xpm=01;35:*.tif=01;35:*.tiff=01;35:*.png=01;35:*.svg=01;35:*.svgz=01;35:*.mng=01;35:*.pcx=01;35:*.mov=01;35:*.mpg=01;35:*.mpeg=01;35:*.m2v=01;35:*.mkv=01;35:*.webm=01;35:*.webp=01;35:*.ogm=01;35:*.mp4=01;35:*.m4v=01;35:*.mp4v=01;35:*.vob=01;35:*.qt=01;35:*.nuv=01;35:*.wmv=01;35:*.asf=01;35:*.rm=01;35:*.rmvb=01;35:*.flc=01;35:*.avi=01;35:*.fli=01;35:*.flv=01;35:*.gl=01;35:*.dl=01;35:*.xcf=01;35:*.xwd=01;35:*.yuv=01;35:*.cgm=01;35:*.emf=01;35:*.ogv=01;35:*.ogx=01;35:*.aac=00;36:*.au=00;36:*.flac=00;36:*.m4a=00;36:*.mid=00;36:*.midi=00;36:*.mka=00;36:*.mp3=00;36:*.mpc=00;36:*.ogg=00;36:*.ra=00;36:*.wav=00;36:*.oga=00;36:*.opus=00;36:*.spx=00;36:*.xspf=00;36:*~=00;90:*#=00;90:*.bak=00;90:*.crdownload=00;90:*.dpkg-dist=00;90:*.dpkg-new=00;90:*.dpkg-old=00;90:*.dpkg-tmp=00;90:*.old=00;90:*.orig=00;90:*.part=00;90:*.rej=00;90:*.rpmnew=00;90:*.rpmorig=00;90:*.rpmsave=00;90:*.swp=00;90:*.tmp=00;90:*.ucf-dist=00;90:*.ucf-new=00;90:*.ucf-old=00;90:', 'VSCODE_GIT_IPC_HANDLE': '/run/user/1000/vscode-git-1d5cb1e9f5.sock', 'CONDA_PREFIX_2': '/home/sancharyamg/miniconda3/envs/ActiveSplat312', 'TERM_PROGRAM': 'vscode', 'SSH_AUTH_SOCK': '/tmp/.antigravity-ide-server/.def9583aef9852ff94cb0dea16ede9bb6b095b30-ssh-auth.sock', 'AMENT_PREFIX_PATH': '/opt/ros/jazzy', 'CONDA_PYTHON_EXE': '/home/sancharyamg/miniconda3/bin/python', 'CONDA_PREFIX_3': '/home/sancharyamg/miniconda3/envs/ActiveSplat', 'SHELL': '/bin/bash', 'CXX': 'g++-11', 'CONDA_BACKUP_NM': '/home/sancharyamg/miniconda3/envs/ActiveSplat/bin/x86_64-conda-linux-gnu-nm', 'CONDA_BACKUP_GCC_RANLIB': '/home/sancharyamg/miniconda3/envs/ActiveSplat/bin/x86_64-conda-linux-gnu-gcc-ranlib', 'LESSCLOSE': '/usr/bin/lesspipe %s %s', 'CONDA_BACKUP_CXXFILT': '/home/sancharyamg/miniconda3/envs/ActiveSplat/bin/x86_64-conda-linux-gnu-c++filt', 'CONDA_DEFAULT_ENV': 'ActiveSplat312', 'CONDA_BACKUP_LDFLAGS': '-Wl,-O2 -Wl,--sort-common -Wl,--as-needed -Wl,-z,relro -Wl,-z,now -Wl,--disable-new-dtags -Wl,--gc-sections -Wl,--allow-shlib-undefined -Wl,-rpath,/home/sancharyamg/miniconda3/envs/ActiveSplat/lib -Wl,-rpath-link,/home/sancharyamg/miniconda3/envs/ActiveSplat/lib -L/home/sancharyamg/miniconda3/envs/ActiveSplat/lib -Wl,-O2 -Wl,--sort-common -Wl,--as-needed -Wl,-z,relro -Wl,-z,now -Wl,--disable-new-dtags -Wl,--gc-sections -Wl,--allow-shlib-undefined -Wl,-rpath,/home/sancharyamg/miniconda3/envs/ActiveSplat/lib -Wl,-rpath-link,/home/sancharyamg/miniconda3/envs/ActiveSplat/lib -L/home/sancharyamg/miniconda3/envs/ActiveSplat/lib', 'CONDA_BACKUP_ELFEDIT': '/home/sancharyamg/miniconda3/envs/ActiveSplat/bin/x86_64-conda-linux-gnu-elfedit', '_CONDA_EXE': '/home/sancharyamg/miniconda3/bin/conda', 'CONDA_BACKUP_MESON_ARGS': '--buildtype release', 'CONDA_BACKUP_SIZE': '/home/sancharyamg/miniconda3/envs/ActiveSplat/bin/x86_64-conda-linux-gnu-size', 'CONDA_BACKUP_CFLAGS': '-march=nocona -mtune=haswell -ftree-vectorize -fPIC -fstack-protector-strong -fno-plt -O2 -ffunction-sections -pipe -isystem /home/sancharyamg/miniconda3/envs/ActiveSplat/include -march=nocona -mtune=haswell -ftree-vectorize -fPIC -fstack-protector-strong -fno-plt -O2 -ffunction-sections -pipe -isystem /home/sancharyamg/miniconda3/envs/ActiveSplat/include', 'ROS_AUTOMATIC_DISCOVERY_RANGE': 'SUBNET', 'VSCODE_GIT_ASKPASS_EXTRA_ARGS': '', 'PWD': '/home/sancharyamg/ActiveSplat/build/activesplat', 'CUDA_HOME': '/home/sancharyamg/miniconda3/envs/ActiveSplat312', 'CONDA_EXE': '/home/sancharyamg/miniconda3/bin/conda', 'CONDA_BACKUP_ADDR2LINE': '/home/sancharyamg/miniconda3/envs/ActiveSplat/bin/x86_64-conda-linux-gnu-addr2line', 'SSH_CONNECTION': '172.28.32.1 2525 172.28.47.249 22', 'XDG_DATA_DIRS': '/usr/local/share:/usr/share:/var/lib/snapd/desktop', 'CONDA_BACKUP_HOST': 'x86_64-conda-linux-gnu', 'PYTHONPATH': '/opt/ros/jazzy/lib/python3.12/site-packages', 'HTTP_PROXY': 'http://172.28.32.1:7890', 'CONDA_PREFIX': '/home/sancharyamg/miniconda3/envs/ActiveSplat312', 'CONDA_BACKUP_CPPFLAGS': '-DNDEBUG -D_FORTIFY_SOURCE=2 -O2 -isystem /home/sancharyamg/miniconda3/envs/ActiveSplat/include -DNDEBUG -D_FORTIFY_SOURCE=2 -O2 -isystem /home/sancharyamg/miniconda3/envs/ActiveSplat/include', 'CC': 'gcc-11', 'COLCON': '1', 'CONDA_BACKUP_STRINGS': '/home/sancharyamg/miniconda3/envs/ActiveSplat/bin/x86_64-conda-linux-gnu-strings', 'CONDA_BACKUP_DEBUG_CXXFLAGS': '-fvisibility-inlines-hidden -fmessage-length=0 -march=nocona -mtune=haswell -ftree-vectorize -fPIC -fstack-protector-all -fno-plt -Og -g -Wall -Wextra -fvar-tracking-assignments -ffunction-sections -pipe -isystem /home/sancharyamg/miniconda3/envs/ActiveSplat/include -fvisibility-inlines-hidden -fmessage-length=0 -march=nocona -mtune=haswell -ftree-vectorize -fPIC -fstack-protector-all -fno-plt -Og -g -Wall -Wextra -fvar-tracking-assignments -ffunction-sections -pipe -isystem /home/sancharyamg/miniconda3/envs/ActiveSplat/include', 'CONDA_BACKUP_CXX': '/home/sancharyamg/miniconda3/envs/ActiveSplat/bin/x86_64-conda-linux-gnu-c++', 'CMAKE_PREFIX_PATH': '/opt/ros/jazzy'}), 'shell': False}
[3.478235] (activesplat) StdoutLine: {'line': b'[  0%] \x1b[34m\x1b[1mGenerating type hashes for ROS interfaces\x1b[0m\n'}
[3.479611] (activesplat) StdoutLine: {'line': b'[  1%] \x1b[34m\x1b[1mGenerating Rust code for ROS interfaces\x1b[0m\n'}
[3.485744] (activesplat) StdoutLine: {'line': b'[  1%] Built target ament_cmake_python_symlink_activesplat\n'}
[3.506554] (-) TimerEvent: {}
[3.606807] (-) TimerEvent: {}
[3.622964] (activesplat) StdoutLine: {'line': b'running egg_info\n'}
[3.631648] (activesplat) StdoutLine: {'line': b'creating activesplat.egg-info\n'}
[3.632161] (activesplat) StdoutLine: {'line': b'writing activesplat.egg-info/PKG-INFO\n'}
[3.632401] (activesplat) StdoutLine: {'line': b'writing dependency_links to activesplat.egg-info/dependency_links.txt\n'}
[3.632576] (activesplat) StdoutLine: {'line': b'writing top-level names to activesplat.egg-info/top_level.txt\n'}
[3.632765] (activesplat) StdoutLine: {'line': b"writing manifest file 'activesplat.egg-info/SOURCES.txt'\n"}
[3.659821] (activesplat) StdoutLine: {'line': b"reading manifest file 'activesplat.egg-info/SOURCES.txt'\n"}
[3.660210] (activesplat) StdoutLine: {'line': b"writing manifest file 'activesplat.egg-info/SOURCES.txt'\n"}
[3.680195] (activesplat) StdoutLine: {'line': b'[  1%] Built target ament_cmake_python_build_activesplat_egg\n'}
[3.706890] (-) TimerEvent: {}
[3.709251] (activesplat) StdoutLine: {'line': b'[  1%] Built target activesplat__rosidl_generator_type_description\n'}
[3.719418] (activesplat) StdoutLine: {'line': b'[  2%] \x1b[34m\x1b[1mGenerating C code for ROS interfaces\x1b[0m\n'}
[3.730326] (activesplat) StdoutLine: {'line': b'[  2%] \x1b[34m\x1b[1mGenerating C++ code for ROS interfaces\x1b[0m\n'}
[3.739369] (activesplat) StdoutLine: {'line': b'[  2%] Built target activesplat__rs\n'}
[3.806971] (-) TimerEvent: {}
[3.907243] (-) TimerEvent: {}
[4.007487] (-) TimerEvent: {}
[4.107728] (-) TimerEvent: {}
[4.207932] (-) TimerEvent: {}
[4.308189] (-) TimerEvent: {}
[4.319562] (activesplat) StdoutLine: {'line': b'[  2%] Built target activesplat__cpp\n'}
[4.408300] (-) TimerEvent: {}
[4.443236] (activesplat) StdoutLine: {'line': b'[  4%] \x1b[32mBuilding C object CMakeFiles/activesplat__rosidl_generator_c.dir/rosidl_generator_c/activesplat/msg/detail/frame__description.c.o\x1b[0m\n'}
[4.443799] (activesplat) StdoutLine: {'line': b'[  5%] \x1b[32mBuilding C object CMakeFiles/activesplat__rosidl_generator_c.dir/rosidl_generator_c/activesplat/msg/detail/frame__functions.c.o\x1b[0m\n'}
[4.444000] (activesplat) StdoutLine: {'line': b'[  5%] \x1b[32mBuilding C object CMakeFiles/activesplat__rosidl_generator_c.dir/rosidl_generator_c/activesplat/msg/detail/frame__type_support.c.o\x1b[0m\n'}
[4.444315] (activesplat) StdoutLine: {'line': b'[  6%] \x1b[32mBuilding C object CMakeFiles/activesplat__rosidl_generator_c.dir/rosidl_generator_c/activesplat/srv/detail/get_dataset_config__functions.c.o\x1b[0m\n'}
[4.444427] (activesplat) StdoutLine: {'line': b'[  7%] \x1b[32mBuilding C object CMakeFiles/activesplat__rosidl_generator_c.dir/rosidl_generator_c/activesplat/srv/detail/get_dataset_config__type_support.c.o\x1b[0m\n'}
[4.444531] (activesplat) StdoutLine: {'line': b'[  7%] \x1b[32mBuilding C object CMakeFiles/activesplat__rosidl_generator_c.dir/rosidl_generator_c/activesplat/srv/detail/get_dataset_config__description.c.o\x1b[0m\n'}
[4.444592] (activesplat) StdoutLine: {'line': b'[  8%] \x1b[32mBuilding C object CMakeFiles/activesplat__rosidl_generator_c.dir/rosidl_generator_c/activesplat/srv/detail/get_topdown_config__description.c.o\x1b[0m\n'}
[4.444646] (activesplat) StdoutLine: {'line': b'[ 10%] \x1b[32mBuilding C object CMakeFiles/activesplat__rosidl_generator_c.dir/rosidl_generator_c/activesplat/srv/detail/get_topdown_config__type_support.c.o\x1b[0m\n'}
[4.444699] (activesplat) StdoutLine: {'line': b'[ 10%] \x1b[32mBuilding C object CMakeFiles/activesplat__rosidl_generator_c.dir/rosidl_generator_c/activesplat/srv/detail/get_topdown_config__functions.c.o\x1b[0m\n'}
[4.446266] (activesplat) StdoutLine: {'line': b'[ 11%] \x1b[32mBuilding C object CMakeFiles/activesplat__rosidl_generator_c.dir/rosidl_generator_c/activesplat/srv/detail/reset_env__description.c.o\x1b[0m\n'}
[4.446353] (activesplat) StdoutLine: {'line': b'[ 11%] \x1b[32mBuilding C object CMakeFiles/activesplat__rosidl_generator_c.dir/rosidl_generator_c/activesplat/srv/detail/reset_env__functions.c.o\x1b[0m\n'}
[4.447526] (activesplat) StdoutLine: {'line': b'[ 12%] \x1b[32mBuilding C object CMakeFiles/activesplat__rosidl_generator_c.dir/rosidl_generator_c/activesplat/srv/detail/reset_env__type_support.c.o\x1b[0m\n'}
[4.508232] (activesplat) StdoutLine: {'line': b'[ 14%] \x1b[32mBuilding C object CMakeFiles/activesplat__rosidl_generator_c.dir/rosidl_generator_c/activesplat/srv/detail/get_topdown__type_support.c.o\x1b[0m\n'}
[4.508473] (-) TimerEvent: {}
[4.508566] (activesplat) StdoutLine: {'line': b'[ 14%] \x1b[32mBuilding C object CMakeFiles/activesplat__rosidl_generator_c.dir/rosidl_generator_c/activesplat/srv/detail/get_topdown__functions.c.o\x1b[0m\n'}
[4.508638] (activesplat) StdoutLine: {'line': b'[ 16%] \x1b[32mBuilding C object CMakeFiles/activesplat__rosidl_generator_c.dir/rosidl_generator_c/activesplat/srv/detail/get_topdown__description.c.o\x1b[0m\n'}
[4.508737] (activesplat) StdoutLine: {'line': b'[ 16%] \x1b[32mBuilding C object CMakeFiles/activesplat__rosidl_generator_c.dir/rosidl_generator_c/activesplat/srv/detail/set_planner_state__functions.c.o\x1b[0m\n'}
[4.509033] (activesplat) StdoutLine: {'line': b'[ 16%] \x1b[32mBuilding C object CMakeFiles/activesplat__rosidl_generator_c.dir/rosidl_generator_c/activesplat/srv/detail/set_planner_state__description.c.o\x1b[0m\n'}
[4.509656] (activesplat) StdoutLine: {'line': b'[ 16%] \x1b[32mBuilding C object CMakeFiles/activesplat__rosidl_generator_c.dir/rosidl_generator_c/activesplat/srv/detail/set_planner_state__type_support.c.o\x1b[0m\n'}
[4.512015] (activesplat) StdoutLine: {'line': b'[ 17%] \x1b[32mBuilding C object CMakeFiles/activesplat__rosidl_generator_c.dir/rosidl_generator_c/activesplat/srv/detail/set_mapper__description.c.o\x1b[0m\n'}
[4.514452] (activesplat) StdoutLine: {'line': b'[ 18%] \x1b[32mBuilding C object CMakeFiles/activesplat__rosidl_generator_c.dir/rosidl_generator_c/activesplat/srv/detail/set_mapper__functions.c.o\x1b[0m\n'}
[4.520365] (activesplat) StdoutLine: {'line': b'[ 19%] \x1b[32mBuilding C object CMakeFiles/activesplat__rosidl_generator_c.dir/rosidl_generator_c/activesplat/srv/detail/set_mapper__type_support.c.o\x1b[0m\n'}
[4.529781] (activesplat) StdoutLine: {'line': b'[ 20%] \x1b[32mBuilding C object CMakeFiles/activesplat__rosidl_generator_c.dir/rosidl_generator_c/activesplat/srv/detail/get_opacity__description.c.o\x1b[0m\n'}
[4.529973] (activesplat) StdoutLine: {'line': b'[ 20%] \x1b[32mBuilding C object CMakeFiles/activesplat__rosidl_generator_c.dir/rosidl_generator_c/activesplat/srv/detail/get_opacity__functions.c.o\x1b[0m\n'}
[4.540651] (activesplat) StdoutLine: {'line': b'[ 21%] \x1b[32mBuilding C object CMakeFiles/activesplat__rosidl_generator_c.dir/rosidl_generator_c/activesplat/srv/detail/get_opacity__type_support.c.o\x1b[0m\n'}
[4.551391] (activesplat) StdoutLine: {'line': b'[ 22%] \x1b[32mBuilding C object CMakeFiles/activesplat__rosidl_generator_c.dir/rosidl_generator_c/activesplat/srv/detail/get_voronoi_graph__description.c.o\x1b[0m\n'}
[4.552062] (activesplat) StdoutLine: {'line': b'[ 23%] \x1b[32mBuilding C object CMakeFiles/activesplat__rosidl_generator_c.dir/rosidl_generator_c/activesplat/srv/detail/get_voronoi_graph__functions.c.o\x1b[0m\n'}
[4.560872] (activesplat) StdoutLine: {'line': b'[ 24%] \x1b[32mBuilding C object CMakeFiles/activesplat__rosidl_generator_c.dir/rosidl_generator_c/activesplat/srv/detail/get_voronoi_graph__type_support.c.o\x1b[0m\n'}
[4.565884] (activesplat) StdoutLine: {'line': b'[ 24%] \x1b[32mBuilding C object CMakeFiles/activesplat__rosidl_generator_c.dir/rosidl_generator_c/activesplat/srv/detail/get_nav_path__description.c.o\x1b[0m\n'}
[4.572830] (activesplat) StdoutLine: {'line': b'[ 25%] \x1b[32mBuilding C object CMakeFiles/activesplat__rosidl_generator_c.dir/rosidl_generator_c/activesplat/srv/detail/get_nav_path__functions.c.o\x1b[0m\n'}
[4.578139] (activesplat) StdoutLine: {'line': b'[ 26%] \x1b[32mBuilding C object CMakeFiles/activesplat__rosidl_generator_c.dir/rosidl_generator_c/activesplat/srv/detail/get_nav_path__type_support.c.o\x1b[0m\n'}
[4.608581] (-) TimerEvent: {}
[4.629918] (activesplat) StdoutLine: {'line': b'[ 27%] \x1b[32m\x1b[1mLinking C shared library libactivesplat__rosidl_generator_c.so\x1b[0m\n'}
[4.678887] (activesplat) StdoutLine: {'line': b'[ 27%] Built target activesplat__rosidl_generator_c\n'}
[4.689619] (activesplat) StdoutLine: {'line': b'[ 30%] \x1b[34m\x1b[1mGenerating C introspection for ROS interfaces\x1b[0m\n'}
[4.689798] (activesplat) StdoutLine: {'line': b'[ 30%] \x1b[34m\x1b[1mGenerating C type support for eProsima Fast-RTPS\x1b[0m\n'}
[4.689865] (activesplat) StdoutLine: {'line': b'[ 30%] \x1b[34m\x1b[1mGenerating C++ type support dispatch for ROS interfaces\x1b[0m\n'}
[4.689910] (activesplat) StdoutLine: {'line': b'[ 30%] \x1b[34m\x1b[1mGenerating C type support dispatch for ROS interfaces\x1b[0m\n'}
[4.689951] (activesplat) StdoutLine: {'line': b'[ 32%] \x1b[34m\x1b[1mGenerating C++ type support for eProsima Fast-RTPS\x1b[0m\n'}
[4.690035] (activesplat) StdoutLine: {'line': b'[ 32%] \x1b[34m\x1b[1mGenerating C++ introspection for ROS interfaces\x1b[0m\n'}
[4.708702] (-) TimerEvent: {}
[4.808983] (-) TimerEvent: {}
[4.909262] (-) TimerEvent: {}
[5.009540] (-) TimerEvent: {}
[5.079071] (activesplat) StdoutLine: {'line': b'[ 33%] \x1b[32mBuilding CXX object CMakeFiles/activesplat__rosidl_typesupport_c.dir/rosidl_typesupport_c/activesplat/srv/get_dataset_config__type_support.cpp.o\x1b[0m\n'}
[5.079565] (activesplat) StdoutLine: {'line': b'[ 33%] \x1b[32mBuilding CXX object CMakeFiles/activesplat__rosidl_typesupport_c.dir/rosidl_typesupport_c/activesplat/srv/get_topdown_config__type_support.cpp.o\x1b[0m\n'}
[5.082190] (activesplat) StdoutLine: {'line': b'[ 34%] \x1b[32mBuilding CXX object CMakeFiles/activesplat__rosidl_typesupport_c.dir/rosidl_typesupport_c/activesplat/msg/frame__type_support.cpp.o\x1b[0m\n'}
[5.083520] (activesplat) StdoutLine: {'line': b'[ 35%] \x1b[32mBuilding CXX object CMakeFiles/activesplat__rosidl_typesupport_c.dir/rosidl_typesupport_c/activesplat/srv/reset_env__type_support.cpp.o\x1b[0m\n'}
[5.089461] (activesplat) StdoutLine: {'line': b'[ 36%] \x1b[32mBuilding CXX object CMakeFiles/activesplat__rosidl_typesupport_c.dir/rosidl_typesupport_c/activesplat/srv/get_topdown__type_support.cpp.o\x1b[0m\n'}
[5.095283] (activesplat) StdoutLine: {'line': b'[ 37%] \x1b[32mBuilding CXX object CMakeFiles/activesplat__rosidl_typesupport_c.dir/rosidl_typesupport_c/activesplat/srv/set_planner_state__type_support.cpp.o\x1b[0m\n'}
[5.097399] (activesplat) StdoutLine: {'line': b'[ 38%] \x1b[32mBuilding CXX object CMakeFiles/activesplat__rosidl_typesupport_c.dir/rosidl_typesupport_c/activesplat/srv/set_mapper__type_support.cpp.o\x1b[0m\n'}
[5.109681] (-) TimerEvent: {}
[5.127546] (activesplat) StdoutLine: {'line': b'[ 39%] \x1b[32mBuilding CXX object CMakeFiles/activesplat__rosidl_typesupport_cpp.dir/rosidl_typesupport_cpp/activesplat/msg/frame__type_support.cpp.o\x1b[0m\n'}
[5.142835] (activesplat) StdoutLine: {'line': b'[ 41%] \x1b[32mBuilding CXX object CMakeFiles/activesplat__rosidl_typesupport_cpp.dir/rosidl_typesupport_cpp/activesplat/srv/reset_env__type_support.cpp.o\x1b[0m\n'}
[5.143000] (activesplat) StdoutLine: {'line': b'[ 41%] \x1b[32mBuilding CXX object CMakeFiles/activesplat__rosidl_typesupport_cpp.dir/rosidl_typesupport_cpp/activesplat/srv/get_topdown_config__type_support.cpp.o\x1b[0m\n'}
[5.143794] (activesplat) StdoutLine: {'line': b'[ 41%] \x1b[32mBuilding CXX object CMakeFiles/activesplat__rosidl_typesupport_cpp.dir/rosidl_typesupport_cpp/activesplat/srv/get_dataset_config__type_support.cpp.o\x1b[0m\n'}
[5.144262] (activesplat) StdoutLine: {'line': b'[ 42%] \x1b[32mBuilding CXX object CMakeFiles/activesplat__rosidl_typesupport_c.dir/rosidl_typesupport_c/activesplat/srv/get_opacity__type_support.cpp.o\x1b[0m\n'}
[5.144405] (activesplat) StdoutLine: {'line': b'[ 43%] \x1b[32mBuilding CXX object CMakeFiles/activesplat__rosidl_typesupport_cpp.dir/rosidl_typesupport_cpp/activesplat/srv/set_planner_state__type_support.cpp.o\x1b[0m\n'}
[5.155269] (activesplat) StdoutLine: {'line': b'[ 44%] \x1b[32mBuilding CXX object CMakeFiles/activesplat__rosidl_typesupport_cpp.dir/rosidl_typesupport_cpp/activesplat/srv/get_topdown__type_support.cpp.o\x1b[0m\n'}
[5.189628] (activesplat) StdoutLine: {'line': b'[ 44%] \x1b[32mBuilding CXX object CMakeFiles/activesplat__rosidl_typesupport_c.dir/rosidl_typesupport_c/activesplat/srv/get_voronoi_graph__type_support.cpp.o\x1b[0m\n'}
[5.194491] (activesplat) StdoutLine: {'line': b'[ 44%] \x1b[32mBuilding CXX object CMakeFiles/activesplat__rosidl_typesupport_cpp.dir/rosidl_typesupport_cpp/activesplat/srv/set_mapper__type_support.cpp.o\x1b[0m\n'}
[5.209785] (-) TimerEvent: {}
[5.255106] (activesplat) StdoutLine: {'line': b'[ 45%] \x1b[32mBuilding CXX object CMakeFiles/activesplat__rosidl_typesupport_c.dir/rosidl_typesupport_c/activesplat/srv/get_nav_path__type_support.cpp.o\x1b[0m\n'}
[5.309889] (-) TimerEvent: {}
[5.310418] (activesplat) StdoutLine: {'line': b'[ 46%] \x1b[32m\x1b[1mLinking CXX shared library libactivesplat__rosidl_typesupport_c.so\x1b[0m\n'}
[5.380335] (activesplat) StdoutLine: {'line': b'[ 46%] Built target activesplat__rosidl_typesupport_c\n'}
[5.391303] (activesplat) StdoutLine: {'line': b'[ 47%] \x1b[32mBuilding CXX object CMakeFiles/activesplat__rosidl_typesupport_cpp.dir/rosidl_typesupport_cpp/activesplat/srv/get_opacity__type_support.cpp.o\x1b[0m\n'}
[5.409992] (-) TimerEvent: {}
[5.416243] (activesplat) StdoutLine: {'line': b'[ 48%] \x1b[32mBuilding CXX object CMakeFiles/activesplat__rosidl_typesupport_introspection_cpp.dir/rosidl_typesupport_introspection_cpp/activesplat/msg/detail/frame__type_support.cpp.o\x1b[0m\n'}
[5.511242] (-) TimerEvent: {}
[5.526541] (activesplat) StdoutLine: {'line': b'[ 48%] \x1b[32mBuilding C object CMakeFiles/activesplat__rosidl_typesupport_introspection_c.dir/rosidl_typesupport_introspection_c/activesplat/msg/detail/frame__type_support.c.o\x1b[0m\n'}
[5.541480] (activesplat) StdoutLine: {'line': b'[ 49%] \x1b[32mBuilding CXX object CMakeFiles/activesplat__rosidl_typesupport_cpp.dir/rosidl_typesupport_cpp/activesplat/srv/get_voronoi_graph__type_support.cpp.o\x1b[0m\n'}
[5.613058] (activesplat) StdoutLine: {'line': b'[ 50%] \x1b[32mBuilding C object CMakeFiles/activesplat__rosidl_typesupport_introspection_c.dir/rosidl_typesupport_introspection_c/activesplat/srv/detail/get_dataset_config__type_support.c.o\x1b[0m\n'}
[5.613288] (-) TimerEvent: {}
[5.638941] (activesplat) StdoutLine: {'line': b'[ 51%] \x1b[32mBuilding C object CMakeFiles/activesplat__rosidl_typesupport_introspection_c.dir/rosidl_typesupport_introspection_c/activesplat/srv/detail/reset_env__type_support.c.o\x1b[0m\n'}
[5.651209] (activesplat) StdoutLine: {'line': b'[ 52%] \x1b[32mBuilding CXX object CMakeFiles/activesplat__rosidl_typesupport_cpp.dir/rosidl_typesupport_cpp/activesplat/srv/get_nav_path__type_support.cpp.o\x1b[0m\n'}
[5.687666] (activesplat) StdoutLine: {'line': b'[ 53%] \x1b[32mBuilding C object CMakeFiles/activesplat__rosidl_typesupport_introspection_c.dir/rosidl_typesupport_introspection_c/activesplat/srv/detail/get_topdown_config__type_support.c.o\x1b[0m\n'}
[5.688114] (activesplat) StdoutLine: {'line': b'[ 54%] \x1b[32mBuilding CXX object CMakeFiles/activesplat__rosidl_typesupport_introspection_cpp.dir/rosidl_typesupport_introspection_cpp/activesplat/srv/detail/reset_env__type_support.cpp.o\x1b[0m\n'}
[5.688545] (activesplat) StdoutLine: {'line': b'[ 54%] \x1b[32mBuilding CXX object CMakeFiles/activesplat__rosidl_typesupport_introspection_cpp.dir/rosidl_typesupport_introspection_cpp/activesplat/srv/detail/get_topdown_config__type_support.cpp.o\x1b[0m\n'}
[5.688843] (activesplat) StdoutLine: {'line': b'[ 55%] \x1b[32mBuilding CXX object CMakeFiles/activesplat__rosidl_typesupport_introspection_cpp.dir/rosidl_typesupport_introspection_cpp/activesplat/srv/detail/get_dataset_config__type_support.cpp.o\x1b[0m\n'}
[5.708822] (activesplat) StdoutLine: {'line': b'[ 56%] \x1b[32mBuilding CXX object CMakeFiles/activesplat__rosidl_typesupport_introspection_cpp.dir/rosidl_typesupport_introspection_cpp/activesplat/srv/detail/get_topdown__type_support.cpp.o\x1b[0m\n'}
[5.711445] (activesplat) StdoutLine: {'line': b'[ 57%] \x1b[32mBuilding CXX object CMakeFiles/activesplat__rosidl_typesupport_introspection_cpp.dir/rosidl_typesupport_introspection_cpp/activesplat/srv/detail/set_planner_state__type_support.cpp.o\x1b[0m\n'}
[5.713379] (-) TimerEvent: {}
[5.731330] (activesplat) StdoutLine: {'line': b'[ 58%] \x1b[32mBuilding CXX object CMakeFiles/activesplat__rosidl_typesupport_fastrtps_cpp.dir/rosidl_typesupport_fastrtps_cpp/activesplat/msg/detail/dds_fastrtps/frame__type_support.cpp.o\x1b[0m\n'}
[5.748291] (activesplat) StdoutLine: {'line': b'[ 59%] \x1b[32mBuilding C object CMakeFiles/activesplat__rosidl_typesupport_introspection_c.dir/rosidl_typesupport_introspection_c/activesplat/srv/detail/get_topdown__type_support.c.o\x1b[0m\n'}
[5.814075] (-) TimerEvent: {}
[5.828715] (activesplat) StdoutLine: {'line': b'[ 59%] \x1b[32mBuilding C object CMakeFiles/activesplat__rosidl_typesupport_introspection_c.dir/rosidl_typesupport_introspection_c/activesplat/srv/detail/set_planner_state__type_support.c.o\x1b[0m\n'}
[5.890501] (activesplat) StdoutLine: {'line': b'[ 60%] \x1b[32mBuilding C object CMakeFiles/activesplat__rosidl_typesupport_introspection_c.dir/rosidl_typesupport_introspection_c/activesplat/srv/detail/set_mapper__type_support.c.o\x1b[0m\n'}
[5.895116] (activesplat) StdoutLine: {'line': b'[ 61%] \x1b[32mBuilding C object CMakeFiles/activesplat__rosidl_typesupport_introspection_c.dir/rosidl_typesupport_introspection_c/activesplat/srv/detail/get_opacity__type_support.c.o\x1b[0m\n'}
[5.914194] (-) TimerEvent: {}
[5.941526] (activesplat) StdoutLine: {'line': b'[ 62%] \x1b[32mBuilding CXX object CMakeFiles/activesplat__rosidl_typesupport_fastrtps_c.dir/rosidl_typesupport_fastrtps_c/activesplat/msg/detail/frame__type_support_c.cpp.o\x1b[0m\n'}
[5.959354] (activesplat) StdoutLine: {'line': b'[ 63%] \x1b[32mBuilding C object CMakeFiles/activesplat__rosidl_typesupport_introspection_c.dir/rosidl_typesupport_introspection_c/activesplat/srv/detail/get_voronoi_graph__type_support.c.o\x1b[0m\n'}
[5.978865] (activesplat) StdoutLine: {'line': b'[ 64%] \x1b[32mBuilding CXX object CMakeFiles/activesplat__rosidl_typesupport_fastrtps_cpp.dir/rosidl_typesupport_fastrtps_cpp/activesplat/srv/detail/dds_fastrtps/get_dataset_config__type_support.cpp.o\x1b[0m\n'}
[6.014322] (-) TimerEvent: {}
[6.071258] (activesplat) StdoutLine: {'line': b'[ 65%] \x1b[32mBuilding CXX object CMakeFiles/activesplat__rosidl_typesupport_fastrtps_c.dir/rosidl_typesupport_fastrtps_c/activesplat/srv/detail/get_dataset_config__type_support_c.cpp.o\x1b[0m\n'}
[6.079011] (activesplat) StdoutLine: {'line': b'[ 66%] \x1b[32mBuilding C object CMakeFiles/activesplat__rosidl_typesupport_introspection_c.dir/rosidl_typesupport_introspection_c/activesplat/srv/detail/get_nav_path__type_support.c.o\x1b[0m\n'}
[6.113867] (activesplat) StdoutLine: {'line': b'[ 67%] \x1b[32mBuilding CXX object CMakeFiles/activesplat__rosidl_typesupport_introspection_cpp.dir/rosidl_typesupport_introspection_cpp/activesplat/srv/detail/set_mapper__type_support.cpp.o\x1b[0m\n'}
[6.115927] (-) TimerEvent: {}
[6.138145] (activesplat) StdoutLine: {'line': b'[ 67%] \x1b[32m\x1b[1mLinking C shared library libactivesplat__rosidl_typesupport_introspection_c.so\x1b[0m\n'}
[6.193538] (activesplat) StdoutLine: {'line': b'[ 67%] Built target activesplat__rosidl_typesupport_introspection_c\n'}
[6.197838] (activesplat) StdoutLine: {'line': b'[ 68%] \x1b[32mBuilding CXX object CMakeFiles/activesplat__rosidl_typesupport_fastrtps_c.dir/rosidl_typesupport_fastrtps_c/activesplat/srv/detail/reset_env__type_support_c.cpp.o\x1b[0m\n'}
[6.204407] (activesplat) StdoutLine: {'line': b'[ 69%] \x1b[32mBuilding CXX object CMakeFiles/activesplat__rosidl_typesupport_introspection_cpp.dir/rosidl_typesupport_introspection_cpp/activesplat/srv/detail/get_opacity__type_support.cpp.o\x1b[0m\n'}
[6.216049] (-) TimerEvent: {}
[6.237889] (activesplat) StdoutLine: {'line': b'[ 70%] \x1b[32m\x1b[1mLinking CXX shared library libactivesplat__rosidl_typesupport_cpp.so\x1b[0m\n'}
[6.249861] (activesplat) StdoutLine: {'line': b'[ 71%] \x1b[32mBuilding CXX object CMakeFiles/activesplat__rosidl_typesupport_introspection_cpp.dir/rosidl_typesupport_introspection_cpp/activesplat/srv/detail/get_nav_path__type_support.cpp.o\x1b[0m\n'}
[6.252463] (activesplat) StdoutLine: {'line': b'[ 71%] \x1b[32mBuilding CXX object CMakeFiles/activesplat__rosidl_typesupport_introspection_cpp.dir/rosidl_typesupport_introspection_cpp/activesplat/srv/detail/get_voronoi_graph__type_support.cpp.o\x1b[0m\n'}
[6.306661] (activesplat) StdoutLine: {'line': b'[ 71%] \x1b[32mBuilding CXX object CMakeFiles/activesplat__rosidl_typesupport_fastrtps_cpp.dir/rosidl_typesupport_fastrtps_cpp/activesplat/srv/detail/dds_fastrtps/reset_env__type_support.cpp.o\x1b[0m\n'}
[6.316158] (-) TimerEvent: {}
[6.406423] (activesplat) StdoutLine: {'line': b'[ 72%] \x1b[32mBuilding CXX object CMakeFiles/activesplat__rosidl_typesupport_fastrtps_c.dir/rosidl_typesupport_fastrtps_c/activesplat/srv/detail/get_topdown_config__type_support_c.cpp.o\x1b[0m\n'}
[6.416293] (-) TimerEvent: {}
[6.416723] (activesplat) StdoutLine: {'line': b'[ 73%] \x1b[32mBuilding CXX object CMakeFiles/activesplat__rosidl_typesupport_fastrtps_cpp.dir/rosidl_typesupport_fastrtps_cpp/activesplat/srv/detail/dds_fastrtps/get_topdown_config__type_support.cpp.o\x1b[0m\n'}
[6.447749] (activesplat) StdoutLine: {'line': b'[ 74%] \x1b[32mBuilding CXX object CMakeFiles/activesplat__rosidl_typesupport_fastrtps_cpp.dir/rosidl_typesupport_fastrtps_cpp/activesplat/srv/detail/dds_fastrtps/get_topdown__type_support.cpp.o\x1b[0m\n'}
[6.471257] (activesplat) StdoutLine: {'line': b'[ 74%] Built target activesplat__rosidl_typesupport_cpp\n'}
[6.488502] (activesplat) StdoutLine: {'line': b'[ 75%] \x1b[32mBuilding CXX object CMakeFiles/activesplat__rosidl_typesupport_fastrtps_cpp.dir/rosidl_typesupport_fastrtps_cpp/activesplat/srv/detail/dds_fastrtps/set_planner_state__type_support.cpp.o\x1b[0m\n'}
[6.516378] (-) TimerEvent: {}
[6.616710] (-) TimerEvent: {}
[6.717031] (-) TimerEvent: {}
[6.736206] (activesplat) StdoutLine: {'line': b'[ 76%] \x1b[32mBuilding CXX object CMakeFiles/activesplat__rosidl_typesupport_fastrtps_cpp.dir/rosidl_typesupport_fastrtps_cpp/activesplat/srv/detail/dds_fastrtps/set_mapper__type_support.cpp.o\x1b[0m\n'}
[6.757858] (activesplat) StdoutLine: {'line': b'[ 76%] \x1b[32mBuilding CXX object CMakeFiles/activesplat__rosidl_typesupport_fastrtps_c.dir/rosidl_typesupport_fastrtps_c/activesplat/srv/detail/get_topdown__type_support_c.cpp.o\x1b[0m\n'}
[6.792161] (activesplat) StdoutLine: {'line': b'[ 77%] \x1b[32mBuilding CXX object CMakeFiles/activesplat__rosidl_typesupport_fastrtps_c.dir/rosidl_typesupport_fastrtps_c/activesplat/srv/detail/set_planner_state__type_support_c.cpp.o\x1b[0m\n'}
[6.809823] (activesplat) StdoutLine: {'line': b'[ 77%] \x1b[32mBuilding CXX object CMakeFiles/activesplat__rosidl_typesupport_fastrtps_cpp.dir/rosidl_typesupport_fastrtps_cpp/activesplat/srv/detail/dds_fastrtps/get_opacity__type_support.cpp.o\x1b[0m\n'}
[6.817133] (-) TimerEvent: {}
[6.891538] (activesplat) StdoutLine: {'line': b'[ 78%] \x1b[32mBuilding CXX object CMakeFiles/activesplat__rosidl_typesupport_fastrtps_cpp.dir/rosidl_typesupport_fastrtps_cpp/activesplat/srv/detail/dds_fastrtps/get_voronoi_graph__type_support.cpp.o\x1b[0m\n'}
[6.914959] (activesplat) StdoutLine: {'line': b'[ 79%] \x1b[32mBuilding CXX object CMakeFiles/activesplat__rosidl_typesupport_fastrtps_cpp.dir/rosidl_typesupport_fastrtps_cpp/activesplat/srv/detail/dds_fastrtps/get_nav_path__type_support.cpp.o\x1b[0m\n'}
[6.917232] (-) TimerEvent: {}
[6.979739] (activesplat) StdoutLine: {'line': b'[ 80%] \x1b[32mBuilding CXX object CMakeFiles/activesplat__rosidl_typesupport_fastrtps_c.dir/rosidl_typesupport_fastrtps_c/activesplat/srv/detail/set_mapper__type_support_c.cpp.o\x1b[0m\n'}
[7.017354] (-) TimerEvent: {}
[7.024759] (activesplat) StdoutLine: {'line': b'[ 81%] \x1b[32mBuilding CXX object CMakeFiles/activesplat__rosidl_typesupport_fastrtps_c.dir/rosidl_typesupport_fastrtps_c/activesplat/srv/detail/get_opacity__type_support_c.cpp.o\x1b[0m\n'}
[7.116690] (activesplat) StdoutLine: {'line': b'[ 82%] \x1b[32mBuilding CXX object CMakeFiles/activesplat__rosidl_typesupport_fastrtps_c.dir/rosidl_typesupport_fastrtps_c/activesplat/srv/detail/get_voronoi_graph__type_support_c.cpp.o\x1b[0m\n'}
[7.117437] (-) TimerEvent: {}
[7.127944] (activesplat) StdoutLine: {'line': b'[ 83%] \x1b[32m\x1b[1mLinking CXX shared library libactivesplat__rosidl_typesupport_introspection_cpp.so\x1b[0m\n'}
[7.164725] (activesplat) StdoutLine: {'line': b'[ 83%] \x1b[32mBuilding CXX object CMakeFiles/activesplat__rosidl_typesupport_fastrtps_c.dir/rosidl_typesupport_fastrtps_c/activesplat/srv/detail/get_nav_path__type_support_c.cpp.o\x1b[0m\n'}
[7.223270] (-) TimerEvent: {}
[7.323594] (-) TimerEvent: {}
[7.328288] (activesplat) StdoutLine: {'line': b'[ 83%] Built target activesplat__rosidl_typesupport_introspection_cpp\n'}
[7.423734] (-) TimerEvent: {}
[7.524092] (-) TimerEvent: {}
[7.624443] (-) TimerEvent: {}
[7.654697] (activesplat) StdoutLine: {'line': b'[ 84%] \x1b[32m\x1b[1mLinking CXX shared library libactivesplat__rosidl_typesupport_fastrtps_c.so\x1b[0m\n'}
[7.669566] (activesplat) StdoutLine: {'line': b'[ 85%] \x1b[32m\x1b[1mLinking CXX shared library libactivesplat__rosidl_typesupport_fastrtps_cpp.so\x1b[0m\n'}
[7.724580] (-) TimerEvent: {}
[7.740002] (activesplat) StdoutLine: {'line': b'[ 85%] Built target activesplat__rosidl_typesupport_fastrtps_c\n'}
[7.773771] (activesplat) StdoutLine: {'line': b'[ 85%] Built target activesplat__rosidl_typesupport_fastrtps_cpp\n'}
[7.794491] (activesplat) StdoutLine: {'line': b'[ 85%] Built target activesplat\n'}
[7.816313] (activesplat) StdoutLine: {'line': b'[ 86%] \x1b[34m\x1b[1mGenerating Python code for ROS interfaces\x1b[0m\n'}
[7.824676] (-) TimerEvent: {}
[7.924925] (-) TimerEvent: {}
[8.025206] (-) TimerEvent: {}
[8.125505] (-) TimerEvent: {}
[8.225784] (-) TimerEvent: {}
[8.326054] (-) TimerEvent: {}
[8.426335] (-) TimerEvent: {}
[8.526701] (-) TimerEvent: {}
[8.626979] (-) TimerEvent: {}
[8.727265] (-) TimerEvent: {}
[8.827539] (-) TimerEvent: {}
[8.927823] (-) TimerEvent: {}
[8.934556] (activesplat) StdoutLine: {'line': b'[ 86%] Built target activesplat__py\n'}
[8.957517] (activesplat) StdoutLine: {'line': b'[ 86%] \x1b[32mBuilding C object CMakeFiles/activesplat__rosidl_generator_py.dir/rosidl_generator_py/activesplat/srv/_get_dataset_config_s.c.o\x1b[0m\n'}
[8.957718] (activesplat) StdoutLine: {'line': b'[ 88%] \x1b[32mBuilding C object CMakeFiles/activesplat__rosidl_generator_py.dir/rosidl_generator_py/activesplat/msg/_frame_s.c.o\x1b[0m\n'}
[8.957828] (activesplat) StdoutLine: {'line': b'[ 88%] \x1b[32mBuilding C object CMakeFiles/activesplat__rosidl_generator_py.dir/rosidl_generator_py/activesplat/srv/_reset_env_s.c.o\x1b[0m\n'}
[8.957889] (activesplat) StdoutLine: {'line': b'[ 89%] \x1b[32mBuilding C object CMakeFiles/activesplat__rosidl_generator_py.dir/rosidl_generator_py/activesplat/srv/_set_mapper_s.c.o\x1b[0m\n'}
[8.958003] (activesplat) StdoutLine: {'line': b'[ 90%] \x1b[32mBuilding C object CMakeFiles/activesplat__rosidl_generator_py.dir/rosidl_generator_py/activesplat/srv/_set_planner_state_s.c.o\x1b[0m\n'}
[8.958148] (activesplat) StdoutLine: {'line': b'[ 91%] \x1b[32mBuilding C object CMakeFiles/activesplat__rosidl_generator_py.dir/rosidl_generator_py/activesplat/srv/_get_topdown_s.c.o\x1b[0m\n'}
[8.958282] (activesplat) StdoutLine: {'line': b'[ 92%] \x1b[32mBuilding C object CMakeFiles/activesplat__rosidl_generator_py.dir/rosidl_generator_py/activesplat/srv/_get_opacity_s.c.o\x1b[0m\n'}
[8.958702] (activesplat) StdoutLine: {'line': b'[ 92%] \x1b[32mBuilding C object CMakeFiles/activesplat__rosidl_generator_py.dir/rosidl_generator_py/activesplat/srv/_get_topdown_config_s.c.o\x1b[0m\n'}
[8.959409] (activesplat) StdoutLine: {'line': b'[ 94%] \x1b[32mBuilding C object CMakeFiles/activesplat__rosidl_generator_py.dir/rosidl_generator_py/activesplat/srv/_get_nav_path_s.c.o\x1b[0m\n'}
[8.959492] (activesplat) StdoutLine: {'line': b'[ 94%] \x1b[32mBuilding C object CMakeFiles/activesplat__rosidl_generator_py.dir/rosidl_generator_py/activesplat/srv/_get_voronoi_graph_s.c.o\x1b[0m\n'}
[9.031403] (-) TimerEvent: {}
[9.131718] (-) TimerEvent: {}
[9.165220] (activesplat) StdoutLine: {'line': b'[ 95%] \x1b[32m\x1b[1mLinking C shared library libactivesplat__rosidl_generator_py.so\x1b[0m\n'}
[9.224483] (activesplat) StdoutLine: {'line': b'[ 95%] Built target activesplat__rosidl_generator_py\n'}
[9.231842] (-) TimerEvent: {}
[9.244236] (activesplat) StdoutLine: {'line': b'[ 98%] \x1b[32mBuilding C object CMakeFiles/activesplat_s__rosidl_typesupport_introspection_c.dir/rosidl_generator_py/activesplat/_activesplat_s.ep.rosidl_typesupport_introspection_c.c.o\x1b[0m\n'}
[9.244404] (activesplat) StdoutLine: {'line': b'[ 98%] \x1b[32mBuilding C object CMakeFiles/activesplat_s__rosidl_typesupport_fastrtps_c.dir/rosidl_generator_py/activesplat/_activesplat_s.ep.rosidl_typesupport_fastrtps_c.c.o\x1b[0m\n'}
[9.244458] (activesplat) StdoutLine: {'line': b'[ 98%] \x1b[32mBuilding C object CMakeFiles/activesplat_s__rosidl_typesupport_c.dir/rosidl_generator_py/activesplat/_activesplat_s.ep.rosidl_typesupport_c.c.o\x1b[0m\n'}
[9.331979] (-) TimerEvent: {}
[9.386192] (activesplat) StdoutLine: {'line': b'[ 98%] \x1b[32m\x1b[1mLinking C shared module rosidl_generator_py/activesplat/activesplat_s__rosidl_typesupport_c.so\x1b[0m\n'}
[9.390042] (activesplat) StdoutLine: {'line': b'[ 99%] \x1b[32m\x1b[1mLinking C shared module rosidl_generator_py/activesplat/activesplat_s__rosidl_typesupport_introspection_c.so\x1b[0m\n'}
[9.403562] (activesplat) StdoutLine: {'line': b'[100%] \x1b[32m\x1b[1mLinking C shared module rosidl_generator_py/activesplat/activesplat_s__rosidl_typesupport_fastrtps_c.so\x1b[0m\n'}
[9.418197] (activesplat) StdoutLine: {'line': b'[100%] Built target activesplat_s__rosidl_typesupport_c\n'}
[9.423099] (activesplat) StdoutLine: {'line': b'[100%] Built target activesplat_s__rosidl_typesupport_introspection_c\n'}
[9.432110] (-) TimerEvent: {}
[9.440115] (activesplat) StdoutLine: {'line': b'[100%] Built target activesplat_s__rosidl_typesupport_fastrtps_c\n'}
[9.458106] (activesplat) CommandEnded: {'returncode': 0}
[9.459022] (activesplat) JobProgress: {'identifier': 'activesplat', 'progress': 'install'}
[9.469172] (activesplat) Command: {'cmd': ['/usr/bin/cmake', '--install', '/home/sancharyamg/ActiveSplat/build/activesplat'], 'cwd': '/home/sancharyamg/ActiveSplat/build/activesplat', 'env': OrderedDict({'CONDA_BACKUP_GCC': '/home/sancharyamg/miniconda3/envs/ActiveSplat/bin/x86_64-conda-linux-gnu-gcc', 'CONDA_BACKUP_host_alias': 'x86_64-conda-linux-gnu', 'LESSOPEN': '| /usr/bin/lesspipe %s', 'CONDA_PROMPT_MODIFIER': '(ActiveSplat312)', 'CONDA_BACKUP_RANLIB': '/home/sancharyamg/miniconda3/envs/ActiveSplat/bin/x86_64-conda-linux-gnu-ranlib', 'HTTPS_PROXY': 'http://172.28.32.1:7890', 'CONDA_BACKUP_CONDA_BUILD_SYSROOT': '/home/sancharyamg/miniconda3/envs/ActiveSplat/x86_64-conda-linux-gnu/sysroot', 'CONDA_BACKUP_STRIP': '/home/sancharyamg/miniconda3/envs/ActiveSplat/bin/x86_64-conda-linux-gnu-strip', 'USER': 'sancharyamg', 'SSH_CLIENT': '172.28.32.1 2525 22', 'CONDA_BACKUP_GXX': '/home/sancharyamg/miniconda3/envs/ActiveSplat/bin/x86_64-conda-linux-gnu-g++', 'all_proxy': 'socks5://172.28.32.1:7890', 'host_ip': '172.28.32.1', 'CONDA_BACKUP_build_alias': 'x86_64-conda-linux-gnu', 'XDG_SESSION_TYPE': 'tty', 'GIT_ASKPASS': '/home/sancharyamg/.antigravity-ide-server/bin/2.0.4-def9583aef9852ff94cb0dea16ede9bb6b095b30/extensions/git/dist/askpass.sh', 'SHLVL': '1', 'LD_LIBRARY_PATH': '/opt/ros/jazzy/lib/x86_64-linux-gnu:/opt/ros/jazzy/lib', 'BROWSER': '/home/sancharyamg/.antigravity-ide-server/bin/2.0.4-def9583aef9852ff94cb0dea16ede9bb6b095b30/bin/helpers/browser.sh', 'ANTIGRAVITY_CLI_ALIAS': 'agy-ide', 'HOME': '/home/sancharyamg', 'CONDA_SHLVL': '4', 'OLDPWD': '/home/sancharyamg/ActiveSplat/submodules/diff-gaussian-rasterization', 'TERM_PROGRAM_VERSION': '1.107.0', 'CONDA_BACKUP_BUILD': 'x86_64-conda-linux-gnu', 'CONDA_BACKUP_CONDA_TOOLCHAIN_HOST': 'x86_64-conda-linux-gnu', 'CONDA_BACKUP_CC': '/home/sancharyamg/miniconda3/envs/ActiveSplat/bin/x86_64-conda-linux-gnu-cc', 'CUDAHOSTCXX': 'g++-11', 'VSCODE_IPC_HOOK_CLI': '/run/user/1000/vscode-ipc-046c2565-8217-4b08-9f97-a5113647911e.sock', 'CONDA_BACKUP_GCC_AR': '/home/sancharyamg/miniconda3/envs/ActiveSplat/bin/x86_64-conda-linux-gnu-gcc-ar', 'CONDA_BACKUP_CXX_FOR_BUILD': '/home/sancharyamg/miniconda3/envs/ActiveSplat/bin/x86_64-conda-linux-gnu-c++', 'ROS_PYTHON_VERSION': '3', 'CONDA_BACKUP_CMAKE_PREFIX_PATH': '/home/sancharyamg/miniconda3/envs/ActiveSplat:/home/sancharyamg/miniconda3/envs/ActiveSplat/x86_64-conda-linux-gnu/sysroot/usr', 'VSCODE_GIT_ASKPASS_MAIN': '/home/sancharyamg/.antigravity-ide-server/bin/2.0.4-def9583aef9852ff94cb0dea16ede9bb6b095b30/extensions/git/dist/askpass-main.js', 'VSCODE_GIT_ASKPASS_NODE': '/home/sancharyamg/.antigravity-ide-server/bin/2.0.4-def9583aef9852ff94cb0dea16ede9bb6b095b30/node', 'VSCODE_PYTHON_AUTOACTIVATE_GUARD': '1', 'DBUS_SESSION_BUS_ADDRESS': 'unix:path=/run/user/1000/bus', 'COLORTERM': 'truecolor', '_CE_M': '', '_CONDA_ROOT': '/home/sancharyamg/miniconda3', 'CONDA_BACKUP_OBJDUMP': '/home/sancharyamg/miniconda3/envs/ActiveSplat/bin/x86_64-conda-linux-gnu-objdump', 'CONDA_BACKUP_CXXFLAGS': '-fvisibility-inlines-hidden -fmessage-length=0 -march=nocona -mtune=haswell -ftree-vectorize -fPIC -fstack-protector-strong -fno-plt -O2 -ffunction-sections -pipe -isystem /home/sancharyamg/miniconda3/envs/ActiveSplat/include -fvisibility-inlines-hidden -fmessage-length=0 -march=nocona -mtune=haswell -ftree-vectorize -fPIC -fstack-protector-strong -fno-plt -O2 -ffunction-sections -pipe -isystem /home/sancharyamg/miniconda3/envs/ActiveSplat/include', 'https_proxy': 'http://172.28.32.1:7890', 'ROS_DISTRO': 'jazzy', 'LOGNAME': 'sancharyamg', 'ALL_PROXY': 'socks5://172.28.32.1:7890', 'CONDA_BACKUP_GCC_NM': '/home/sancharyamg/miniconda3/envs/ActiveSplat/bin/x86_64-conda-linux-gnu-gcc-nm', 'CONDA_BACKUP__CONDA_PYTHON_SYSCONFIGDATA_NAME': '_sysconfigdata_x86_64_conda_cos6_linux_gnu', 'CONDA_BACKUP_LD_GOLD': '/home/sancharyamg/miniconda3/envs/ActiveSplat/bin/x86_64-conda-linux-gnu-ld.gold', 'http_proxy': 'http://172.28.32.1:7890', 'CONDA_BACKUP_CC_FOR_BUILD': '/home/sancharyamg/miniconda3/envs/ActiveSplat/bin/x86_64-conda-linux-gnu-cc', '_': '/home/sancharyamg/miniconda3/envs/ActiveSplat312/bin/colcon', 'ROS_VERSION': '2', 'CONDA_BACKUP_OBJCOPY': '/home/sancharyamg/miniconda3/envs/ActiveSplat/bin/x86_64-conda-linux-gnu-objcopy', 'CONDA_BACKUP_LD': '/home/sancharyamg/miniconda3/envs/ActiveSplat/bin/x86_64-conda-linux-gnu-ld', 'XDG_SESSION_CLASS': 'user', 'CONDA_BACKUP_DEBUG_CFLAGS': '-march=nocona -mtune=haswell -ftree-vectorize -fPIC -fstack-protector-all -fno-plt -Og -g -Wall -Wextra -fvar-tracking-assignments -ffunction-sections -pipe -isystem /home/sancharyamg/miniconda3/envs/ActiveSplat/include -march=nocona -mtune=haswell -ftree-vectorize -fPIC -fstack-protector-all -fno-plt -Og -g -Wall -Wextra -fvar-tracking-assignments -ffunction-sections -pipe -isystem /home/sancharyamg/miniconda3/envs/ActiveSplat/include', 'TERM': 'xterm-256color', 'XDG_SESSION_ID': '5', 'CONDA_BACKUP_CONDA_TOOLCHAIN_BUILD': 'x86_64-conda-linux-gnu', '_CE_CONDA': '', 'CONDA_BACKUP_AR': '/home/sancharyamg/miniconda3/envs/ActiveSplat/bin/x86_64-conda-linux-gnu-ar', 'PATH': '/home/sancharyamg/.antigravity-ide-server/bin/2.0.4-def9583aef9852ff94cb0dea16ede9bb6b095b30/bin/remote-cli:/opt/ros/jazzy/bin:/home/sancharyamg/miniconda3/envs/ActiveSplat312/bin:/home/sancharyamg/miniconda3/condabin:/usr/local/sbin:/usr/local/bin:/usr/sbin:/usr/bin:/sbin:/bin:/usr/games:/usr/local/games:/snap/bin', 'CONDA_BACKUP_AS': '/home/sancharyamg/miniconda3/envs/ActiveSplat/bin/x86_64-conda-linux-gnu-as', 'CONDA_BACKUP_GPROF': '/home/sancharyamg/miniconda3/envs/ActiveSplat/bin/x86_64-conda-linux-gnu-gprof', 'CONDA_BACKUP_READELF': '/home/sancharyamg/miniconda3/envs/ActiveSplat/bin/x86_64-conda-linux-gnu-readelf', 'CONDA_BACKUP_DEBUG_CPPFLAGS': '-D_DEBUG -D_FORTIFY_SOURCE=2 -Og -isystem /home/sancharyamg/miniconda3/envs/ActiveSplat/include -D_DEBUG -D_FORTIFY_SOURCE=2 -Og -isystem /home/sancharyamg/miniconda3/envs/ActiveSplat/include', 'CONDA_BACKUP_CPP': '/home/sancharyamg/miniconda3/envs/ActiveSplat/bin/x86_64-conda-linux-gnu-cpp', 'XDG_RUNTIME_DIR': '/run/user/1000', 'LANG': 'C.UTF-8', 'CONDA_PREFIX_1': '/home/sancharyamg/miniconda3', 'LS_COLORS': 'rs=0:di=01;34:ln=01;36:mh=00:pi=40;33:so=01;35:do=01;35:bd=40;33;01:cd=40;33;01:or=40;31;01:mi=00:su=37;41:sg=30;43:ca=00:tw=30;42:ow=34;42:st=37;44:ex=01;32:*.tar=01;31:*.tgz=01;31:*.arc=01;31:*.arj=01;31:*.taz=01;31:*.lha=01;31:*.lz4=01;31:*.lzh=01;31:*.lzma=01;31:*.tlz=01;31:*.txz=01;31:*.tzo=01;31:*.t7z=01;31:*.zip=01;31:*.z=01;31:*.dz=01;31:*.gz=01;31:*.lrz=01;31:*.lz=01;31:*.lzo=01;31:*.xz=01;31:*.zst=01;31:*.tzst=01;31:*.bz2=01;31:*.bz=01;31:*.tbz=01;31:*.tbz2=01;31:*.tz=01;31:*.deb=01;31:*.rpm=01;31:*.jar=01;31:*.war=01;31:*.ear=01;31:*.sar=01;31:*.rar=01;31:*.alz=01;31:*.ace=01;31:*.zoo=01;31:*.cpio=01;31:*.7z=01;31:*.rz=01;31:*.cab=01;31:*.wim=01;31:*.swm=01;31:*.dwm=01;31:*.esd=01;31:*.avif=01;35:*.jpg=01;35:*.jpeg=01;35:*.mjpg=01;35:*.mjpeg=01;35:*.gif=01;35:*.bmp=01;35:*.pbm=01;35:*.pgm=01;35:*.ppm=01;35:*.tga=01;35:*.xbm=01;35:*.xpm=01;35:*.tif=01;35:*.tiff=01;35:*.png=01;35:*.svg=01;35:*.svgz=01;35:*.mng=01;35:*.pcx=01;35:*.mov=01;35:*.mpg=01;35:*.mpeg=01;35:*.m2v=01;35:*.mkv=01;35:*.webm=01;35:*.webp=01;35:*.ogm=01;35:*.mp4=01;35:*.m4v=01;35:*.mp4v=01;35:*.vob=01;35:*.qt=01;35:*.nuv=01;35:*.wmv=01;35:*.asf=01;35:*.rm=01;35:*.rmvb=01;35:*.flc=01;35:*.avi=01;35:*.fli=01;35:*.flv=01;35:*.gl=01;35:*.dl=01;35:*.xcf=01;35:*.xwd=01;35:*.yuv=01;35:*.cgm=01;35:*.emf=01;35:*.ogv=01;35:*.ogx=01;35:*.aac=00;36:*.au=00;36:*.flac=00;36:*.m4a=00;36:*.mid=00;36:*.midi=00;36:*.mka=00;36:*.mp3=00;36:*.mpc=00;36:*.ogg=00;36:*.ra=00;36:*.wav=00;36:*.oga=00;36:*.opus=00;36:*.spx=00;36:*.xspf=00;36:*~=00;90:*#=00;90:*.bak=00;90:*.crdownload=00;90:*.dpkg-dist=00;90:*.dpkg-new=00;90:*.dpkg-old=00;90:*.dpkg-tmp=00;90:*.old=00;90:*.orig=00;90:*.part=00;90:*.rej=00;90:*.rpmnew=00;90:*.rpmorig=00;90:*.rpmsave=00;90:*.swp=00;90:*.tmp=00;90:*.ucf-dist=00;90:*.ucf-new=00;90:*.ucf-old=00;90:', 'VSCODE_GIT_IPC_HANDLE': '/run/user/1000/vscode-git-1d5cb1e9f5.sock', 'CONDA_PREFIX_2': '/home/sancharyamg/miniconda3/envs/ActiveSplat312', 'TERM_PROGRAM': 'vscode', 'SSH_AUTH_SOCK': '/tmp/.antigravity-ide-server/.def9583aef9852ff94cb0dea16ede9bb6b095b30-ssh-auth.sock', 'AMENT_PREFIX_PATH': '/opt/ros/jazzy', 'CONDA_PYTHON_EXE': '/home/sancharyamg/miniconda3/bin/python', 'CONDA_PREFIX_3': '/home/sancharyamg/miniconda3/envs/ActiveSplat', 'SHELL': '/bin/bash', 'CXX': 'g++-11', 'CONDA_BACKUP_NM': '/home/sancharyamg/miniconda3/envs/ActiveSplat/bin/x86_64-conda-linux-gnu-nm', 'CONDA_BACKUP_GCC_RANLIB': '/home/sancharyamg/miniconda3/envs/ActiveSplat/bin/x86_64-conda-linux-gnu-gcc-ranlib', 'LESSCLOSE': '/usr/bin/lesspipe %s %s', 'CONDA_BACKUP_CXXFILT': '/home/sancharyamg/miniconda3/envs/ActiveSplat/bin/x86_64-conda-linux-gnu-c++filt', 'CONDA_DEFAULT_ENV': 'ActiveSplat312', 'CONDA_BACKUP_LDFLAGS': '-Wl,-O2 -Wl,--sort-common -Wl,--as-needed -Wl,-z,relro -Wl,-z,now -Wl,--disable-new-dtags -Wl,--gc-sections -Wl,--allow-shlib-undefined -Wl,-rpath,/home/sancharyamg/miniconda3/envs/ActiveSplat/lib -Wl,-rpath-link,/home/sancharyamg/miniconda3/envs/ActiveSplat/lib -L/home/sancharyamg/miniconda3/envs/ActiveSplat/lib -Wl,-O2 -Wl,--sort-common -Wl,--as-needed -Wl,-z,relro -Wl,-z,now -Wl,--disable-new-dtags -Wl,--gc-sections -Wl,--allow-shlib-undefined -Wl,-rpath,/home/sancharyamg/miniconda3/envs/ActiveSplat/lib -Wl,-rpath-link,/home/sancharyamg/miniconda3/envs/ActiveSplat/lib -L/home/sancharyamg/miniconda3/envs/ActiveSplat/lib', 'CONDA_BACKUP_ELFEDIT': '/home/sancharyamg/miniconda3/envs/ActiveSplat/bin/x86_64-conda-linux-gnu-elfedit', '_CONDA_EXE': '/home/sancharyamg/miniconda3/bin/conda', 'CONDA_BACKUP_MESON_ARGS': '--buildtype release', 'CONDA_BACKUP_SIZE': '/home/sancharyamg/miniconda3/envs/ActiveSplat/bin/x86_64-conda-linux-gnu-size', 'CONDA_BACKUP_CFLAGS': '-march=nocona -mtune=haswell -ftree-vectorize -fPIC -fstack-protector-strong -fno-plt -O2 -ffunction-sections -pipe -isystem /home/sancharyamg/miniconda3/envs/ActiveSplat/include -march=nocona -mtune=haswell -ftree-vectorize -fPIC -fstack-protector-strong -fno-plt -O2 -ffunction-sections -pipe -isystem /home/sancharyamg/miniconda3/envs/ActiveSplat/include', 'ROS_AUTOMATIC_DISCOVERY_RANGE': 'SUBNET', 'VSCODE_GIT_ASKPASS_EXTRA_ARGS': '', 'PWD': '/home/sancharyamg/ActiveSplat/build/activesplat', 'CUDA_HOME': '/home/sancharyamg/miniconda3/envs/ActiveSplat312', 'CONDA_EXE': '/home/sancharyamg/miniconda3/bin/conda', 'CONDA_BACKUP_ADDR2LINE': '/home/sancharyamg/miniconda3/envs/ActiveSplat/bin/x86_64-conda-linux-gnu-addr2line', 'SSH_CONNECTION': '172.28.32.1 2525 172.28.47.249 22', 'XDG_DATA_DIRS': '/usr/local/share:/usr/share:/var/lib/snapd/desktop', 'CONDA_BACKUP_HOST': 'x86_64-conda-linux-gnu', 'PYTHONPATH': '/opt/ros/jazzy/lib/python3.12/site-packages', 'HTTP_PROXY': 'http://172.28.32.1:7890', 'CONDA_PREFIX': '/home/sancharyamg/miniconda3/envs/ActiveSplat312', 'CONDA_BACKUP_CPPFLAGS': '-DNDEBUG -D_FORTIFY_SOURCE=2 -O2 -isystem /home/sancharyamg/miniconda3/envs/ActiveSplat/include -DNDEBUG -D_FORTIFY_SOURCE=2 -O2 -isystem /home/sancharyamg/miniconda3/envs/ActiveSplat/include', 'CC': 'gcc-11', 'COLCON': '1', 'CONDA_BACKUP_STRINGS': '/home/sancharyamg/miniconda3/envs/ActiveSplat/bin/x86_64-conda-linux-gnu-strings', 'CONDA_BACKUP_DEBUG_CXXFLAGS': '-fvisibility-inlines-hidden -fmessage-length=0 -march=nocona -mtune=haswell -ftree-vectorize -fPIC -fstack-protector-all -fno-plt -Og -g -Wall -Wextra -fvar-tracking-assignments -ffunction-sections -pipe -isystem /home/sancharyamg/miniconda3/envs/ActiveSplat/include -fvisibility-inlines-hidden -fmessage-length=0 -march=nocona -mtune=haswell -ftree-vectorize -fPIC -fstack-protector-all -fno-plt -Og -g -Wall -Wextra -fvar-tracking-assignments -ffunction-sections -pipe -isystem /home/sancharyamg/miniconda3/envs/ActiveSplat/include', 'CONDA_BACKUP_CXX': '/home/sancharyamg/miniconda3/envs/ActiveSplat/bin/x86_64-conda-linux-gnu-c++', 'CMAKE_PREFIX_PATH': '/opt/ros/jazzy'}), 'shell': False}
[9.477987] (activesplat) StdoutLine: {'line': b'-- Install configuration: ""\n'}
[9.478693] (activesplat) StdoutLine: {'line': b'-- Execute custom install script\n'}
[9.481002] (activesplat) StdoutLine: {'line': b'-- Symlinking: /home/sancharyamg/ActiveSplat/install/activesplat/share/ament_index/resource_index/rosidl_interfaces/activesplat\n'}
[9.490678] (activesplat) StdoutLine: {'line': b'-- Symlinking: /home/sancharyamg/ActiveSplat/install/activesplat/share/activesplat/msg/Frame.json\n'}
[9.499607] (activesplat) StdoutLine: {'line': b'-- Symlinking: /home/sancharyamg/ActiveSplat/install/activesplat/share/activesplat/srv/GetDatasetConfig.json\n'}
[9.508693] (activesplat) StdoutLine: {'line': b'-- Symlinking: /home/sancharyamg/ActiveSplat/install/activesplat/share/activesplat/srv/ResetEnv.json\n'}
[9.518217] (activesplat) StdoutLine: {'line': b'-- Symlinking: /home/sancharyamg/ActiveSplat/install/activesplat/share/activesplat/srv/GetTopdownConfig.json\n'}
[9.527295] (activesplat) StdoutLine: {'line': b'-- Symlinking: /home/sancharyamg/ActiveSplat/install/activesplat/share/activesplat/srv/GetTopdown.json\n'}
[9.532195] (-) TimerEvent: {}
[9.535661] (activesplat) StdoutLine: {'line': b'-- Symlinking: /home/sancharyamg/ActiveSplat/install/activesplat/share/activesplat/srv/SetPlannerState.json\n'}
[9.544961] (activesplat) StdoutLine: {'line': b'-- Symlinking: /home/sancharyamg/ActiveSplat/install/activesplat/share/activesplat/srv/SetMapper.json\n'}
[9.554557] (activesplat) StdoutLine: {'line': b'-- Symlinking: /home/sancharyamg/ActiveSplat/install/activesplat/share/activesplat/srv/GetOpacity.json\n'}
[9.563866] (activesplat) StdoutLine: {'line': b'-- Symlinking: /home/sancharyamg/ActiveSplat/install/activesplat/share/activesplat/srv/GetVoronoiGraph.json\n'}
[9.573138] (activesplat) StdoutLine: {'line': b'-- Symlinking: /home/sancharyamg/ActiveSplat/install/activesplat/share/activesplat/srv/GetNavPath.json\n'}
[9.583418] (activesplat) StdoutLine: {'line': b'-- Symlinking: /home/sancharyamg/ActiveSplat/install/activesplat/include/activesplat/activesplat/msg/detail/frame__functions.h\n'}
[9.591447] (activesplat) StdoutLine: {'line': b'-- Symlinking: /home/sancharyamg/ActiveSplat/install/activesplat/include/activesplat/activesplat/msg/detail/frame__struct.h\n'}
[9.598765] (activesplat) StdoutLine: {'line': b'-- Symlinking: /home/sancharyamg/ActiveSplat/install/activesplat/include/activesplat/activesplat/msg/detail/frame__type_support.h\n'}
[9.606451] (activesplat) StdoutLine: {'line': b'-- Symlinking: /home/sancharyamg/ActiveSplat/install/activesplat/include/activesplat/activesplat/msg/frame.h\n'}
[9.613835] (activesplat) StdoutLine: {'line': b'-- Symlinking: /home/sancharyamg/ActiveSplat/install/activesplat/include/activesplat/activesplat/msg/rosidl_generator_c__visibility_control.h\n'}
[9.622762] (activesplat) StdoutLine: {'line': b'-- Symlinking: /home/sancharyamg/ActiveSplat/install/activesplat/include/activesplat/activesplat/srv/detail/get_dataset_config__functions.h\n'}
[9.630455] (activesplat) StdoutLine: {'line': b'-- Symlinking: /home/sancharyamg/ActiveSplat/install/activesplat/include/activesplat/activesplat/srv/detail/get_dataset_config__struct.h\n'}
[9.632280] (-) TimerEvent: {}
[9.638211] (activesplat) StdoutLine: {'line': b'-- Symlinking: /home/sancharyamg/ActiveSplat/install/activesplat/include/activesplat/activesplat/srv/detail/get_dataset_config__type_support.h\n'}
[9.646070] (activesplat) StdoutLine: {'line': b'-- Symlinking: /home/sancharyamg/ActiveSplat/install/activesplat/include/activesplat/activesplat/srv/detail/get_nav_path__functions.h\n'}
[9.653788] (activesplat) StdoutLine: {'line': b'-- Symlinking: /home/sancharyamg/ActiveSplat/install/activesplat/include/activesplat/activesplat/srv/detail/get_nav_path__struct.h\n'}
[9.661284] (activesplat) StdoutLine: {'line': b'-- Symlinking: /home/sancharyamg/ActiveSplat/install/activesplat/include/activesplat/activesplat/srv/detail/get_nav_path__type_support.h\n'}
[9.669185] (activesplat) StdoutLine: {'line': b'-- Symlinking: /home/sancharyamg/ActiveSplat/install/activesplat/include/activesplat/activesplat/srv/detail/get_opacity__functions.h\n'}
[9.676548] (activesplat) StdoutLine: {'line': b'-- Symlinking: /home/sancharyamg/ActiveSplat/install/activesplat/include/activesplat/activesplat/srv/detail/get_opacity__struct.h\n'}
[9.684038] (activesplat) StdoutLine: {'line': b'-- Symlinking: /home/sancharyamg/ActiveSplat/install/activesplat/include/activesplat/activesplat/srv/detail/get_opacity__type_support.h\n'}
[9.691422] (activesplat) StdoutLine: {'line': b'-- Symlinking: /home/sancharyamg/ActiveSplat/install/activesplat/include/activesplat/activesplat/srv/detail/get_topdown__functions.h\n'}
[9.699480] (activesplat) StdoutLine: {'line': b'-- Symlinking: /home/sancharyamg/ActiveSplat/install/activesplat/include/activesplat/activesplat/srv/detail/get_topdown__struct.h\n'}
[9.708775] (activesplat) StdoutLine: {'line': b'-- Symlinking: /home/sancharyamg/ActiveSplat/install/activesplat/include/activesplat/activesplat/srv/detail/get_topdown__type_support.h\n'}
[9.717031] (activesplat) StdoutLine: {'line': b'-- Symlinking: /home/sancharyamg/ActiveSplat/install/activesplat/include/activesplat/activesplat/srv/detail/get_topdown_config__functions.h\n'}
[9.725180] (activesplat) StdoutLine: {'line': b'-- Symlinking: /home/sancharyamg/ActiveSplat/install/activesplat/include/activesplat/activesplat/srv/detail/get_topdown_config__struct.h\n'}
[9.732393] (-) TimerEvent: {}
[9.733787] (activesplat) StdoutLine: {'line': b'-- Symlinking: /home/sancharyamg/ActiveSplat/install/activesplat/include/activesplat/activesplat/srv/detail/get_topdown_config__type_support.h\n'}
[9.743923] (activesplat) StdoutLine: {'line': b'-- Symlinking: /home/sancharyamg/ActiveSplat/install/activesplat/include/activesplat/activesplat/srv/detail/get_voronoi_graph__functions.h\n'}
[9.752764] (activesplat) StdoutLine: {'line': b'-- Symlinking: /home/sancharyamg/ActiveSplat/install/activesplat/include/activesplat/activesplat/srv/detail/get_voronoi_graph__struct.h\n'}
[9.761484] (activesplat) StdoutLine: {'line': b'-- Symlinking: /home/sancharyamg/ActiveSplat/install/activesplat/include/activesplat/activesplat/srv/detail/get_voronoi_graph__type_support.h\n'}
[9.769708] (activesplat) StdoutLine: {'line': b'-- Symlinking: /home/sancharyamg/ActiveSplat/install/activesplat/include/activesplat/activesplat/srv/detail/reset_env__functions.h\n'}
[9.777648] (activesplat) StdoutLine: {'line': b'-- Symlinking: /home/sancharyamg/ActiveSplat/install/activesplat/include/activesplat/activesplat/srv/detail/reset_env__struct.h\n'}
[9.785268] (activesplat) StdoutLine: {'line': b'-- Symlinking: /home/sancharyamg/ActiveSplat/install/activesplat/include/activesplat/activesplat/srv/detail/reset_env__type_support.h\n'}
[9.792736] (activesplat) StdoutLine: {'line': b'-- Symlinking: /home/sancharyamg/ActiveSplat/install/activesplat/include/activesplat/activesplat/srv/detail/set_mapper__functions.h\n'}
[9.800415] (activesplat) StdoutLine: {'line': b'-- Symlinking: /home/sancharyamg/ActiveSplat/install/activesplat/include/activesplat/activesplat/srv/detail/set_mapper__struct.h\n'}
[9.808096] (activesplat) StdoutLine: {'line': b'-- Symlinking: /home/sancharyamg/ActiveSplat/install/activesplat/include/activesplat/activesplat/srv/detail/set_mapper__type_support.h\n'}
[9.815305] (activesplat) StdoutLine: {'line': b'-- Symlinking: /home/sancharyamg/ActiveSplat/install/activesplat/include/activesplat/activesplat/srv/detail/set_planner_state__functions.h\n'}
[9.822897] (activesplat) StdoutLine: {'line': b'-- Symlinking: /home/sancharyamg/ActiveSplat/install/activesplat/include/activesplat/activesplat/srv/detail/set_planner_state__struct.h\n'}
[9.830653] (activesplat) StdoutLine: {'line': b'-- Symlinking: /home/sancharyamg/ActiveSplat/install/activesplat/include/activesplat/activesplat/srv/detail/set_planner_state__type_support.h\n'}
[9.832484] (-) TimerEvent: {}
[9.839138] (activesplat) StdoutLine: {'line': b'-- Symlinking: /home/sancharyamg/ActiveSplat/install/activesplat/include/activesplat/activesplat/srv/get_dataset_config.h\n'}
[9.848063] (activesplat) StdoutLine: {'line': b'-- Symlinking: /home/sancharyamg/ActiveSplat/install/activesplat/include/activesplat/activesplat/srv/get_nav_path.h\n'}
[9.856865] (activesplat) StdoutLine: {'line': b'-- Symlinking: /home/sancharyamg/ActiveSplat/install/activesplat/include/activesplat/activesplat/srv/get_opacity.h\n'}
[9.864676] (activesplat) StdoutLine: {'line': b'-- Symlinking: /home/sancharyamg/ActiveSplat/install/activesplat/include/activesplat/activesplat/srv/get_topdown.h\n'}
[9.872010] (activesplat) StdoutLine: {'line': b'-- Symlinking: /home/sancharyamg/ActiveSplat/install/activesplat/include/activesplat/activesplat/srv/get_topdown_config.h\n'}
[9.879574] (activesplat) StdoutLine: {'line': b'-- Symlinking: /home/sancharyamg/ActiveSplat/install/activesplat/include/activesplat/activesplat/srv/get_voronoi_graph.h\n'}
[9.886707] (activesplat) StdoutLine: {'line': b'-- Symlinking: /home/sancharyamg/ActiveSplat/install/activesplat/include/activesplat/activesplat/srv/reset_env.h\n'}
[9.894537] (activesplat) StdoutLine: {'line': b'-- Symlinking: /home/sancharyamg/ActiveSplat/install/activesplat/include/activesplat/activesplat/srv/set_mapper.h\n'}
[9.902009] (activesplat) StdoutLine: {'line': b'-- Symlinking: /home/sancharyamg/ActiveSplat/install/activesplat/include/activesplat/activesplat/srv/set_planner_state.h\n'}
[9.910497] (activesplat) StdoutLine: {'line': b'-- Symlinking: /home/sancharyamg/ActiveSplat/install/activesplat/share/activesplat/environment/library_path.sh\n'}
[9.917984] (activesplat) StdoutLine: {'line': b'-- Symlinking: /home/sancharyamg/ActiveSplat/install/activesplat/share/activesplat/environment/library_path.dsv\n'}
[9.926257] (activesplat) StdoutLine: {'line': b'-- Symlinking: /home/sancharyamg/ActiveSplat/install/activesplat/include/activesplat/activesplat/msg/detail/frame__rosidl_typesupport_fastrtps_c.h\n'}
[9.932590] (-) TimerEvent: {}
[9.934061] (activesplat) StdoutLine: {'line': b'-- Symlinking: /home/sancharyamg/ActiveSplat/install/activesplat/include/activesplat/activesplat/msg/rosidl_typesupport_fastrtps_c__visibility_control.h\n'}
[9.943987] (activesplat) StdoutLine: {'line': b'-- Symlinking: /home/sancharyamg/ActiveSplat/install/activesplat/include/activesplat/activesplat/srv/detail/get_dataset_config__rosidl_typesupport_fastrtps_c.h\n'}
[9.953208] (activesplat) StdoutLine: {'line': b'-- Symlinking: /home/sancharyamg/ActiveSplat/install/activesplat/include/activesplat/activesplat/srv/detail/get_nav_path__rosidl_typesupport_fastrtps_c.h\n'}
[9.961144] (activesplat) StdoutLine: {'line': b'-- Symlinking: /home/sancharyamg/ActiveSplat/install/activesplat/include/activesplat/activesplat/srv/detail/get_opacity__rosidl_typesupport_fastrtps_c.h\n'}
[9.969119] (activesplat) StdoutLine: {'line': b'-- Symlinking: /home/sancharyamg/ActiveSplat/install/activesplat/include/activesplat/activesplat/srv/detail/get_topdown__rosidl_typesupport_fastrtps_c.h\n'}
[9.977500] (activesplat) StdoutLine: {'line': b'-- Symlinking: /home/sancharyamg/ActiveSplat/install/activesplat/include/activesplat/activesplat/srv/detail/get_topdown_config__rosidl_typesupport_fastrtps_c.h\n'}
[9.985274] (activesplat) StdoutLine: {'line': b'-- Symlinking: /home/sancharyamg/ActiveSplat/install/activesplat/include/activesplat/activesplat/srv/detail/get_voronoi_graph__rosidl_typesupport_fastrtps_c.h\n'}
[9.993320] (activesplat) StdoutLine: {'line': b'-- Symlinking: /home/sancharyamg/ActiveSplat/install/activesplat/include/activesplat/activesplat/srv/detail/reset_env__rosidl_typesupport_fastrtps_c.h\n'}
[10.000979] (activesplat) StdoutLine: {'line': b'-- Symlinking: /home/sancharyamg/ActiveSplat/install/activesplat/include/activesplat/activesplat/srv/detail/set_mapper__rosidl_typesupport_fastrtps_c.h\n'}
[10.008945] (activesplat) StdoutLine: {'line': b'-- Symlinking: /home/sancharyamg/ActiveSplat/install/activesplat/include/activesplat/activesplat/srv/detail/set_planner_state__rosidl_typesupport_fastrtps_c.h\n'}
[10.017998] (activesplat) StdoutLine: {'line': b'-- Symlinking: /home/sancharyamg/ActiveSplat/install/activesplat/include/activesplat/activesplat/msg/detail/frame__builder.hpp\n'}
[10.025488] (activesplat) StdoutLine: {'line': b'-- Symlinking: /home/sancharyamg/ActiveSplat/install/activesplat/include/activesplat/activesplat/msg/detail/frame__struct.hpp\n'}
[10.032693] (-) TimerEvent: {}
[10.033383] (activesplat) StdoutLine: {'line': b'-- Symlinking: /home/sancharyamg/ActiveSplat/install/activesplat/include/activesplat/activesplat/msg/detail/frame__traits.hpp\n'}
[10.041220] (activesplat) StdoutLine: {'line': b'-- Symlinking: /home/sancharyamg/ActiveSplat/install/activesplat/include/activesplat/activesplat/msg/detail/frame__type_support.hpp\n'}
[10.049501] (activesplat) StdoutLine: {'line': b'-- Symlinking: /home/sancharyamg/ActiveSplat/install/activesplat/include/activesplat/activesplat/msg/frame.hpp\n'}
[10.056823] (activesplat) StdoutLine: {'line': b'-- Symlinking: /home/sancharyamg/ActiveSplat/install/activesplat/include/activesplat/activesplat/msg/rosidl_generator_cpp__visibility_control.hpp\n'}
[10.064375] (activesplat) StdoutLine: {'line': b'-- Symlinking: /home/sancharyamg/ActiveSplat/install/activesplat/include/activesplat/activesplat/srv/detail/get_dataset_config__builder.hpp\n'}
[10.071940] (activesplat) StdoutLine: {'line': b'-- Symlinking: /home/sancharyamg/ActiveSplat/install/activesplat/include/activesplat/activesplat/srv/detail/get_dataset_config__struct.hpp\n'}
[10.079501] (activesplat) StdoutLine: {'line': b'-- Symlinking: /home/sancharyamg/ActiveSplat/install/activesplat/include/activesplat/activesplat/srv/detail/get_dataset_config__traits.hpp\n'}
[10.087194] (activesplat) StdoutLine: {'line': b'-- Symlinking: /home/sancharyamg/ActiveSplat/install/activesplat/include/activesplat/activesplat/srv/detail/get_dataset_config__type_support.hpp\n'}
[10.094981] (activesplat) StdoutLine: {'line': b'-- Symlinking: /home/sancharyamg/ActiveSplat/install/activesplat/include/activesplat/activesplat/srv/detail/get_nav_path__builder.hpp\n'}
[10.102624] (activesplat) StdoutLine: {'line': b'-- Symlinking: /home/sancharyamg/ActiveSplat/install/activesplat/include/activesplat/activesplat/srv/detail/get_nav_path__struct.hpp\n'}
[10.110053] (activesplat) StdoutLine: {'line': b'-- Symlinking: /home/sancharyamg/ActiveSplat/install/activesplat/include/activesplat/activesplat/srv/detail/get_nav_path__traits.hpp\n'}
[10.117485] (activesplat) StdoutLine: {'line': b'-- Symlinking: /home/sancharyamg/ActiveSplat/install/activesplat/include/activesplat/activesplat/srv/detail/get_nav_path__type_support.hpp\n'}
[10.125160] (activesplat) StdoutLine: {'line': b'-- Symlinking: /home/sancharyamg/ActiveSplat/install/activesplat/include/activesplat/activesplat/srv/detail/get_opacity__builder.hpp\n'}
[10.132784] (-) TimerEvent: {}
[10.132947] (activesplat) StdoutLine: {'line': b'-- Symlinking: /home/sancharyamg/ActiveSplat/install/activesplat/include/activesplat/activesplat/srv/detail/get_opacity__struct.hpp\n'}
[10.140540] (activesplat) StdoutLine: {'line': b'-- Symlinking: /home/sancharyamg/ActiveSplat/install/activesplat/include/activesplat/activesplat/srv/detail/get_opacity__traits.hpp\n'}
[10.148655] (activesplat) StdoutLine: {'line': b'-- Symlinking: /home/sancharyamg/ActiveSplat/install/activesplat/include/activesplat/activesplat/srv/detail/get_opacity__type_support.hpp\n'}
[10.157043] (activesplat) StdoutLine: {'line': b'-- Symlinking: /home/sancharyamg/ActiveSplat/install/activesplat/include/activesplat/activesplat/srv/detail/get_topdown__builder.hpp\n'}
[10.164693] (activesplat) StdoutLine: {'line': b'-- Symlinking: /home/sancharyamg/ActiveSplat/install/activesplat/include/activesplat/activesplat/srv/detail/get_topdown__struct.hpp\n'}
[10.172265] (activesplat) StdoutLine: {'line': b'-- Symlinking: /home/sancharyamg/ActiveSplat/install/activesplat/include/activesplat/activesplat/srv/detail/get_topdown__traits.hpp\n'}
[10.179936] (activesplat) StdoutLine: {'line': b'-- Symlinking: /home/sancharyamg/ActiveSplat/install/activesplat/include/activesplat/activesplat/srv/detail/get_topdown__type_support.hpp\n'}
[10.187116] (activesplat) StdoutLine: {'line': b'-- Symlinking: /home/sancharyamg/ActiveSplat/install/activesplat/include/activesplat/activesplat/srv/detail/get_topdown_config__builder.hpp\n'}
[10.195176] (activesplat) StdoutLine: {'line': b'-- Symlinking: /home/sancharyamg/ActiveSplat/install/activesplat/include/activesplat/activesplat/srv/detail/get_topdown_config__struct.hpp\n'}
[10.203255] (activesplat) StdoutLine: {'line': b'-- Symlinking: /home/sancharyamg/ActiveSplat/install/activesplat/include/activesplat/activesplat/srv/detail/get_topdown_config__traits.hpp\n'}
[10.210994] (activesplat) StdoutLine: {'line': b'-- Symlinking: /home/sancharyamg/ActiveSplat/install/activesplat/include/activesplat/activesplat/srv/detail/get_topdown_config__type_support.hpp\n'}
[10.219068] (activesplat) StdoutLine: {'line': b'-- Symlinking: /home/sancharyamg/ActiveSplat/install/activesplat/include/activesplat/activesplat/srv/detail/get_voronoi_graph__builder.hpp\n'}
[10.227582] (activesplat) StdoutLine: {'line': b'-- Symlinking: /home/sancharyamg/ActiveSplat/install/activesplat/include/activesplat/activesplat/srv/detail/get_voronoi_graph__struct.hpp\n'}
[10.232876] (-) TimerEvent: {}
[10.235297] (activesplat) StdoutLine: {'line': b'-- Symlinking: /home/sancharyamg/ActiveSplat/install/activesplat/include/activesplat/activesplat/srv/detail/get_voronoi_graph__traits.hpp\n'}
[10.242880] (activesplat) StdoutLine: {'line': b'-- Symlinking: /home/sancharyamg/ActiveSplat/install/activesplat/include/activesplat/activesplat/srv/detail/get_voronoi_graph__type_support.hpp\n'}
[10.250351] (activesplat) StdoutLine: {'line': b'-- Symlinking: /home/sancharyamg/ActiveSplat/install/activesplat/include/activesplat/activesplat/srv/detail/reset_env__builder.hpp\n'}
[10.257899] (activesplat) StdoutLine: {'line': b'-- Symlinking: /home/sancharyamg/ActiveSplat/install/activesplat/include/activesplat/activesplat/srv/detail/reset_env__struct.hpp\n'}
[10.265411] (activesplat) StdoutLine: {'line': b'-- Symlinking: /home/sancharyamg/ActiveSplat/install/activesplat/include/activesplat/activesplat/srv/detail/reset_env__traits.hpp\n'}
[10.273090] (activesplat) StdoutLine: {'line': b'-- Symlinking: /home/sancharyamg/ActiveSplat/install/activesplat/include/activesplat/activesplat/srv/detail/reset_env__type_support.hpp\n'}
[10.280627] (activesplat) StdoutLine: {'line': b'-- Symlinking: /home/sancharyamg/ActiveSplat/install/activesplat/include/activesplat/activesplat/srv/detail/set_mapper__builder.hpp\n'}
[10.288471] (activesplat) StdoutLine: {'line': b'-- Symlinking: /home/sancharyamg/ActiveSplat/install/activesplat/include/activesplat/activesplat/srv/detail/set_mapper__struct.hpp\n'}
[10.296158] (activesplat) StdoutLine: {'line': b'-- Symlinking: /home/sancharyamg/ActiveSplat/install/activesplat/include/activesplat/activesplat/srv/detail/set_mapper__traits.hpp\n'}
[10.303480] (activesplat) StdoutLine: {'line': b'-- Symlinking: /home/sancharyamg/ActiveSplat/install/activesplat/include/activesplat/activesplat/srv/detail/set_mapper__type_support.hpp\n'}
[10.311623] (activesplat) StdoutLine: {'line': b'-- Symlinking: /home/sancharyamg/ActiveSplat/install/activesplat/include/activesplat/activesplat/srv/detail/set_planner_state__builder.hpp\n'}
[10.319032] (activesplat) StdoutLine: {'line': b'-- Symlinking: /home/sancharyamg/ActiveSplat/install/activesplat/include/activesplat/activesplat/srv/detail/set_planner_state__struct.hpp\n'}
[10.326339] (activesplat) StdoutLine: {'line': b'-- Symlinking: /home/sancharyamg/ActiveSplat/install/activesplat/include/activesplat/activesplat/srv/detail/set_planner_state__traits.hpp\n'}
[10.332987] (-) TimerEvent: {}
[10.339911] (activesplat) StdoutLine: {'line': b'-- Symlinking: /home/sancharyamg/ActiveSplat/install/activesplat/include/activesplat/activesplat/srv/detail/set_planner_state__type_support.hpp\n'}
[10.347501] (activesplat) StdoutLine: {'line': b'-- Symlinking: /home/sancharyamg/ActiveSplat/install/activesplat/include/activesplat/activesplat/srv/get_dataset_config.hpp\n'}
[10.355175] (activesplat) StdoutLine: {'line': b'-- Symlinking: /home/sancharyamg/ActiveSplat/install/activesplat/include/activesplat/activesplat/srv/get_nav_path.hpp\n'}
[10.362729] (activesplat) StdoutLine: {'line': b'-- Symlinking: /home/sancharyamg/ActiveSplat/install/activesplat/include/activesplat/activesplat/srv/get_opacity.hpp\n'}
[10.370153] (activesplat) StdoutLine: {'line': b'-- Symlinking: /home/sancharyamg/ActiveSplat/install/activesplat/include/activesplat/activesplat/srv/get_topdown.hpp\n'}
[10.377820] (activesplat) StdoutLine: {'line': b'-- Symlinking: /home/sancharyamg/ActiveSplat/install/activesplat/include/activesplat/activesplat/srv/get_topdown_config.hpp\n'}
[10.385908] (activesplat) StdoutLine: {'line': b'-- Symlinking: /home/sancharyamg/ActiveSplat/install/activesplat/include/activesplat/activesplat/srv/get_voronoi_graph.hpp\n'}
[10.393360] (activesplat) StdoutLine: {'line': b'-- Symlinking: /home/sancharyamg/ActiveSplat/install/activesplat/include/activesplat/activesplat/srv/reset_env.hpp\n'}
[10.400887] (activesplat) StdoutLine: {'line': b'-- Symlinking: /home/sancharyamg/ActiveSplat/install/activesplat/include/activesplat/activesplat/srv/set_mapper.hpp\n'}
[10.408530] (activesplat) StdoutLine: {'line': b'-- Symlinking: /home/sancharyamg/ActiveSplat/install/activesplat/include/activesplat/activesplat/srv/set_planner_state.hpp\n'}
[10.416758] (activesplat) StdoutLine: {'line': b'-- Symlinking: /home/sancharyamg/ActiveSplat/install/activesplat/include/activesplat/activesplat/msg/detail/frame__rosidl_typesupport_fastrtps_cpp.hpp\n'}
[10.424904] (activesplat) StdoutLine: {'line': b'-- Symlinking: /home/sancharyamg/ActiveSplat/install/activesplat/include/activesplat/activesplat/msg/rosidl_typesupport_fastrtps_cpp__visibility_control.h\n'}
[10.432313] (activesplat) StdoutLine: {'line': b'-- Symlinking: /home/sancharyamg/ActiveSplat/install/activesplat/include/activesplat/activesplat/srv/detail/get_dataset_config__rosidl_typesupport_fastrtps_cpp.hpp\n'}
[10.433087] (-) TimerEvent: {}
[10.439581] (activesplat) StdoutLine: {'line': b'-- Symlinking: /home/sancharyamg/ActiveSplat/install/activesplat/include/activesplat/activesplat/srv/detail/get_nav_path__rosidl_typesupport_fastrtps_cpp.hpp\n'}
[10.446993] (activesplat) StdoutLine: {'line': b'-- Symlinking: /home/sancharyamg/ActiveSplat/install/activesplat/include/activesplat/activesplat/srv/detail/get_opacity__rosidl_typesupport_fastrtps_cpp.hpp\n'}
[10.455797] (activesplat) StdoutLine: {'line': b'-- Symlinking: /home/sancharyamg/ActiveSplat/install/activesplat/include/activesplat/activesplat/srv/detail/get_topdown__rosidl_typesupport_fastrtps_cpp.hpp\n'}
[10.463985] (activesplat) StdoutLine: {'line': b'-- Symlinking: /home/sancharyamg/ActiveSplat/install/activesplat/include/activesplat/activesplat/srv/detail/get_topdown_config__rosidl_typesupport_fastrtps_cpp.hpp\n'}
[10.472788] (activesplat) StdoutLine: {'line': b'-- Symlinking: /home/sancharyamg/ActiveSplat/install/activesplat/include/activesplat/activesplat/srv/detail/get_voronoi_graph__rosidl_typesupport_fastrtps_cpp.hpp\n'}
[10.481845] (activesplat) StdoutLine: {'line': b'-- Symlinking: /home/sancharyamg/ActiveSplat/install/activesplat/include/activesplat/activesplat/srv/detail/reset_env__rosidl_typesupport_fastrtps_cpp.hpp\n'}
[10.490457] (activesplat) StdoutLine: {'line': b'-- Symlinking: /home/sancharyamg/ActiveSplat/install/activesplat/include/activesplat/activesplat/srv/detail/set_mapper__rosidl_typesupport_fastrtps_cpp.hpp\n'}
[10.499318] (activesplat) StdoutLine: {'line': b'-- Symlinking: /home/sancharyamg/ActiveSplat/install/activesplat/include/activesplat/activesplat/srv/detail/set_planner_state__rosidl_typesupport_fastrtps_cpp.hpp\n'}
[10.508967] (activesplat) StdoutLine: {'line': b'-- Symlinking: /home/sancharyamg/ActiveSplat/install/activesplat/include/activesplat/activesplat/msg/detail/frame__rosidl_typesupport_introspection_c.h\n'}
[10.518285] (activesplat) StdoutLine: {'line': b'-- Symlinking: /home/sancharyamg/ActiveSplat/install/activesplat/include/activesplat/activesplat/msg/rosidl_typesupport_introspection_c__visibility_control.h\n'}
[10.526879] (activesplat) StdoutLine: {'line': b'-- Symlinking: /home/sancharyamg/ActiveSplat/install/activesplat/include/activesplat/activesplat/srv/detail/get_dataset_config__rosidl_typesupport_introspection_c.h\n'}
[10.533192] (-) TimerEvent: {}
[10.534573] (activesplat) StdoutLine: {'line': b'-- Symlinking: /home/sancharyamg/ActiveSplat/install/activesplat/include/activesplat/activesplat/srv/detail/get_nav_path__rosidl_typesupport_introspection_c.h\n'}
[10.542341] (activesplat) StdoutLine: {'line': b'-- Symlinking: /home/sancharyamg/ActiveSplat/install/activesplat/include/activesplat/activesplat/srv/detail/get_opacity__rosidl_typesupport_introspection_c.h\n'}
[10.550845] (activesplat) StdoutLine: {'line': b'-- Symlinking: /home/sancharyamg/ActiveSplat/install/activesplat/include/activesplat/activesplat/srv/detail/get_topdown__rosidl_typesupport_introspection_c.h\n'}
[10.558114] (activesplat) StdoutLine: {'line': b'-- Symlinking: /home/sancharyamg/ActiveSplat/install/activesplat/include/activesplat/activesplat/srv/detail/get_topdown_config__rosidl_typesupport_introspection_c.h\n'}
[10.565908] (activesplat) StdoutLine: {'line': b'-- Symlinking: /home/sancharyamg/ActiveSplat/install/activesplat/include/activesplat/activesplat/srv/detail/get_voronoi_graph__rosidl_typesupport_introspection_c.h\n'}
[10.573510] (activesplat) StdoutLine: {'line': b'-- Symlinking: /home/sancharyamg/ActiveSplat/install/activesplat/include/activesplat/activesplat/srv/detail/reset_env__rosidl_typesupport_introspection_c.h\n'}
[10.581335] (activesplat) StdoutLine: {'line': b'-- Symlinking: /home/sancharyamg/ActiveSplat/install/activesplat/include/activesplat/activesplat/srv/detail/set_mapper__rosidl_typesupport_introspection_c.h\n'}
[10.588914] (activesplat) StdoutLine: {'line': b'-- Symlinking: /home/sancharyamg/ActiveSplat/install/activesplat/include/activesplat/activesplat/srv/detail/set_planner_state__rosidl_typesupport_introspection_c.h\n'}
[10.596823] (activesplat) StdoutLine: {'line': b'-- Symlinking: /home/sancharyamg/ActiveSplat/install/activesplat/include/activesplat/activesplat/msg/detail/frame__rosidl_typesupport_introspection_cpp.hpp\n'}
[10.604162] (activesplat) StdoutLine: {'line': b'-- Symlinking: /home/sancharyamg/ActiveSplat/install/activesplat/include/activesplat/activesplat/srv/detail/get_dataset_config__rosidl_typesupport_introspection_cpp.hpp\n'}
[10.611711] (activesplat) StdoutLine: {'line': b'-- Symlinking: /home/sancharyamg/ActiveSplat/install/activesplat/include/activesplat/activesplat/srv/detail/get_nav_path__rosidl_typesupport_introspection_cpp.hpp\n'}
[10.619634] (activesplat) StdoutLine: {'line': b'-- Symlinking: /home/sancharyamg/ActiveSplat/install/activesplat/include/activesplat/activesplat/srv/detail/get_opacity__rosidl_typesupport_introspection_cpp.hpp\n'}
[10.627920] (activesplat) StdoutLine: {'line': b'-- Symlinking: /home/sancharyamg/ActiveSplat/install/activesplat/include/activesplat/activesplat/srv/detail/get_topdown__rosidl_typesupport_introspection_cpp.hpp\n'}
[10.633279] (-) TimerEvent: {}
[10.644065] (activesplat) StdoutLine: {'line': b'-- Symlinking: /home/sancharyamg/ActiveSplat/install/activesplat/include/activesplat/activesplat/srv/detail/get_topdown_config__rosidl_typesupport_introspection_cpp.hpp\n'}
[10.651857] (activesplat) StdoutLine: {'line': b'-- Symlinking: /home/sancharyamg/ActiveSplat/install/activesplat/include/activesplat/activesplat/srv/detail/get_voronoi_graph__rosidl_typesupport_introspection_cpp.hpp\n'}
[10.659510] (activesplat) StdoutLine: {'line': b'-- Symlinking: /home/sancharyamg/ActiveSplat/install/activesplat/include/activesplat/activesplat/srv/detail/reset_env__rosidl_typesupport_introspection_cpp.hpp\n'}
[10.667006] (activesplat) StdoutLine: {'line': b'-- Symlinking: /home/sancharyamg/ActiveSplat/install/activesplat/include/activesplat/activesplat/srv/detail/set_mapper__rosidl_typesupport_introspection_cpp.hpp\n'}
[10.674795] (activesplat) StdoutLine: {'line': b'-- Symlinking: /home/sancharyamg/ActiveSplat/install/activesplat/include/activesplat/activesplat/srv/detail/set_planner_state__rosidl_typesupport_introspection_cpp.hpp\n'}
[10.682658] (activesplat) StdoutLine: {'line': b'-- Symlinking: /home/sancharyamg/ActiveSplat/install/activesplat/share/activesplat/environment/pythonpath.sh\n'}
[10.690375] (activesplat) StdoutLine: {'line': b'-- Symlinking: /home/sancharyamg/ActiveSplat/install/activesplat/share/activesplat/environment/pythonpath.dsv\n'}
[10.699603] (activesplat) StdoutLine: {'line': b'-- Symlinking: /home/sancharyamg/ActiveSplat/install/activesplat/lib/python3.12/site-packages/activesplat-0.1.0-py3.12.egg-info/PKG-INFO\n'}
[10.707963] (activesplat) StdoutLine: {'line': b'-- Symlinking: /home/sancharyamg/ActiveSplat/install/activesplat/lib/python3.12/site-packages/activesplat-0.1.0-py3.12.egg-info/SOURCES.txt\n'}
[10.715754] (activesplat) StdoutLine: {'line': b'-- Symlinking: /home/sancharyamg/ActiveSplat/install/activesplat/lib/python3.12/site-packages/activesplat-0.1.0-py3.12.egg-info/dependency_links.txt\n'}
[10.723240] (activesplat) StdoutLine: {'line': b'-- Symlinking: /home/sancharyamg/ActiveSplat/install/activesplat/lib/python3.12/site-packages/activesplat-0.1.0-py3.12.egg-info/top_level.txt\n'}
[10.732452] (activesplat) StdoutLine: {'line': b'-- Symlinking: /home/sancharyamg/ActiveSplat/install/activesplat/lib/python3.12/site-packages/activesplat/__init__.py\n'}
[10.733370] (-) TimerEvent: {}
[10.740413] (activesplat) StdoutLine: {'line': b'-- Symlinking: /home/sancharyamg/ActiveSplat/install/activesplat/lib/python3.12/site-packages/activesplat/_activesplat_s.ep.rosidl_typesupport_c.c\n'}
[10.748409] (activesplat) StdoutLine: {'line': b'-- Symlinking: /home/sancharyamg/ActiveSplat/install/activesplat/lib/python3.12/site-packages/activesplat/_activesplat_s.ep.rosidl_typesupport_fastrtps_c.c\n'}
[10.756363] (activesplat) StdoutLine: {'line': b'-- Symlinking: /home/sancharyamg/ActiveSplat/install/activesplat/lib/python3.12/site-packages/activesplat/_activesplat_s.ep.rosidl_typesupport_introspection_c.c\n'}
[10.764210] (activesplat) StdoutLine: {'line': b'-- Symlinking: /home/sancharyamg/ActiveSplat/install/activesplat/lib/python3.12/site-packages/activesplat/activesplat_s__rosidl_typesupport_c.so\n'}
[10.771507] (activesplat) StdoutLine: {'line': b'-- Symlinking: /home/sancharyamg/ActiveSplat/install/activesplat/lib/python3.12/site-packages/activesplat/activesplat_s__rosidl_typesupport_fastrtps_c.so\n'}
[10.779140] (activesplat) StdoutLine: {'line': b'-- Symlinking: /home/sancharyamg/ActiveSplat/install/activesplat/lib/python3.12/site-packages/activesplat/activesplat_s__rosidl_typesupport_introspection_c.so\n'}
[10.786772] (activesplat) StdoutLine: {'line': b'-- Symlinking: /home/sancharyamg/ActiveSplat/install/activesplat/lib/python3.12/site-packages/activesplat/msg/__init__.py\n'}
[10.794412] (activesplat) StdoutLine: {'line': b'-- Symlinking: /home/sancharyamg/ActiveSplat/install/activesplat/lib/python3.12/site-packages/activesplat/msg/_frame.py\n'}
[10.801800] (activesplat) StdoutLine: {'line': b'-- Symlinking: /home/sancharyamg/ActiveSplat/install/activesplat/lib/python3.12/site-packages/activesplat/msg/_frame_s.c\n'}
[10.810218] (activesplat) StdoutLine: {'line': b'-- Symlinking: /home/sancharyamg/ActiveSplat/install/activesplat/lib/python3.12/site-packages/activesplat/srv/__init__.py\n'}
[10.817732] (activesplat) StdoutLine: {'line': b'-- Symlinking: /home/sancharyamg/ActiveSplat/install/activesplat/lib/python3.12/site-packages/activesplat/srv/_get_dataset_config.py\n'}
[10.825219] (activesplat) StdoutLine: {'line': b'-- Symlinking: /home/sancharyamg/ActiveSplat/install/activesplat/lib/python3.12/site-packages/activesplat/srv/_get_dataset_config_s.c\n'}
[10.833464] (activesplat) StdoutLine: {'line': b'-- Symlinking: /home/sancharyamg/ActiveSplat/install/activesplat/lib/python3.12/site-packages/activesplat/srv/_get_nav_path.py\n'}
[10.833547] (-) TimerEvent: {}
[10.842750] (activesplat) StdoutLine: {'line': b'-- Symlinking: /home/sancharyamg/ActiveSplat/install/activesplat/lib/python3.12/site-packages/activesplat/srv/_get_nav_path_s.c\n'}
[10.851615] (activesplat) StdoutLine: {'line': b'-- Symlinking: /home/sancharyamg/ActiveSplat/install/activesplat/lib/python3.12/site-packages/activesplat/srv/_get_opacity.py\n'}
[10.859861] (activesplat) StdoutLine: {'line': b'-- Symlinking: /home/sancharyamg/ActiveSplat/install/activesplat/lib/python3.12/site-packages/activesplat/srv/_get_opacity_s.c\n'}
[10.867369] (activesplat) StdoutLine: {'line': b'-- Symlinking: /home/sancharyamg/ActiveSplat/install/activesplat/lib/python3.12/site-packages/activesplat/srv/_get_topdown.py\n'}
[10.875025] (activesplat) StdoutLine: {'line': b'-- Symlinking: /home/sancharyamg/ActiveSplat/install/activesplat/lib/python3.12/site-packages/activesplat/srv/_get_topdown_config.py\n'}
[10.882274] (activesplat) StdoutLine: {'line': b'-- Symlinking: /home/sancharyamg/ActiveSplat/install/activesplat/lib/python3.12/site-packages/activesplat/srv/_get_topdown_config_s.c\n'}
[10.889591] (activesplat) StdoutLine: {'line': b'-- Symlinking: /home/sancharyamg/ActiveSplat/install/activesplat/lib/python3.12/site-packages/activesplat/srv/_get_topdown_s.c\n'}
[10.897043] (activesplat) StdoutLine: {'line': b'-- Symlinking: /home/sancharyamg/ActiveSplat/install/activesplat/lib/python3.12/site-packages/activesplat/srv/_get_voronoi_graph.py\n'}
[10.904314] (activesplat) StdoutLine: {'line': b'-- Symlinking: /home/sancharyamg/ActiveSplat/install/activesplat/lib/python3.12/site-packages/activesplat/srv/_get_voronoi_graph_s.c\n'}
[10.912386] (activesplat) StdoutLine: {'line': b'-- Symlinking: /home/sancharyamg/ActiveSplat/install/activesplat/lib/python3.12/site-packages/activesplat/srv/_reset_env.py\n'}
[10.920046] (activesplat) StdoutLine: {'line': b'-- Symlinking: /home/sancharyamg/ActiveSplat/install/activesplat/lib/python3.12/site-packages/activesplat/srv/_reset_env_s.c\n'}
[10.927665] (activesplat) StdoutLine: {'line': b'-- Symlinking: /home/sancharyamg/ActiveSplat/install/activesplat/lib/python3.12/site-packages/activesplat/srv/_set_mapper.py\n'}
[10.933638] (-) TimerEvent: {}
[10.935154] (activesplat) StdoutLine: {'line': b'-- Symlinking: /home/sancharyamg/ActiveSplat/install/activesplat/lib/python3.12/site-packages/activesplat/srv/_set_mapper_s.c\n'}
[10.943212] (activesplat) StdoutLine: {'line': b'-- Symlinking: /home/sancharyamg/ActiveSplat/install/activesplat/lib/python3.12/site-packages/activesplat/srv/_set_planner_state.py\n'}
[10.950759] (activesplat) StdoutLine: {'line': b'-- Symlinking: /home/sancharyamg/ActiveSplat/install/activesplat/lib/python3.12/site-packages/activesplat/srv/_set_planner_state_s.c\n'}
[10.959085] (activesplat) StdoutLine: {'line': b'-- Up-to-date symlink: /home/sancharyamg/ActiveSplat/install/activesplat/lib/python3.12/site-packages/activesplat/activesplat_s__rosidl_typesupport_fastrtps_c.so\n'}
[10.959383] (activesplat) StdoutLine: {'line': b'-- Up-to-date symlink: /home/sancharyamg/ActiveSplat/install/activesplat/lib/python3.12/site-packages/activesplat/activesplat_s__rosidl_typesupport_introspection_c.so\n'}
[10.959636] (activesplat) StdoutLine: {'line': b'-- Up-to-date symlink: /home/sancharyamg/ActiveSplat/install/activesplat/lib/python3.12/site-packages/activesplat/activesplat_s__rosidl_typesupport_c.so\n'}
[10.960197] (activesplat) StdoutLine: {'line': b'-- Symlinking: /home/sancharyamg/ActiveSplat/install/activesplat/share/ament_index/resource_index/rust_packages/activesplat\n'}
[10.968287] (activesplat) StdoutLine: {'line': b'-- Symlinking: /home/sancharyamg/ActiveSplat/install/activesplat/share/activesplat/rust/Cargo.toml\n'}
[10.975515] (activesplat) StdoutLine: {'line': b'-- Symlinking: /home/sancharyamg/ActiveSplat/install/activesplat/share/activesplat/rust/build.rs\n'}
[10.983269] (activesplat) StdoutLine: {'line': b'-- Symlinking: /home/sancharyamg/ActiveSplat/install/activesplat/share/activesplat/rust/src/lib.rs\n'}
[10.990808] (activesplat) StdoutLine: {'line': b'-- Symlinking: /home/sancharyamg/ActiveSplat/install/activesplat/share/activesplat/rust/src/msg.rs\n'}
[10.998539] (activesplat) StdoutLine: {'line': b'-- Symlinking: /home/sancharyamg/ActiveSplat/install/activesplat/share/activesplat/rust/src/msg/rmw.rs\n'}
[11.006005] (activesplat) StdoutLine: {'line': b'-- Symlinking: /home/sancharyamg/ActiveSplat/install/activesplat/share/activesplat/rust/src/srv.rs\n'}
[11.014005] (activesplat) StdoutLine: {'line': b'-- Symlinking: /home/sancharyamg/ActiveSplat/install/activesplat/share/activesplat/rust/src/srv/rmw.rs\n'}
[11.021344] (activesplat) StdoutLine: {'line': b'-- Symlinking: /home/sancharyamg/ActiveSplat/install/activesplat/share/activesplat/msg/Frame.idl\n'}
[11.029254] (activesplat) StdoutLine: {'line': b'-- Symlinking: /home/sancharyamg/ActiveSplat/install/activesplat/share/activesplat/srv/GetDatasetConfig.idl\n'}
[11.033719] (-) TimerEvent: {}
[11.037155] (activesplat) StdoutLine: {'line': b'-- Symlinking: /home/sancharyamg/ActiveSplat/install/activesplat/share/activesplat/srv/ResetEnv.idl\n'}
[11.044874] (activesplat) StdoutLine: {'line': b'-- Symlinking: /home/sancharyamg/ActiveSplat/install/activesplat/share/activesplat/srv/GetTopdownConfig.idl\n'}
[11.060653] (activesplat) StdoutLine: {'line': b'-- Symlinking: /home/sancharyamg/ActiveSplat/install/activesplat/share/activesplat/srv/GetTopdown.idl\n'}
[11.068413] (activesplat) StdoutLine: {'line': b'-- Symlinking: /home/sancharyamg/ActiveSplat/install/activesplat/share/activesplat/srv/SetPlannerState.idl\n'}
[11.076274] (activesplat) StdoutLine: {'line': b'-- Symlinking: /home/sancharyamg/ActiveSplat/install/activesplat/share/activesplat/srv/SetMapper.idl\n'}
[11.083753] (activesplat) StdoutLine: {'line': b'-- Symlinking: /home/sancharyamg/ActiveSplat/install/activesplat/share/activesplat/srv/GetOpacity.idl\n'}
[11.091276] (activesplat) StdoutLine: {'line': b'-- Symlinking: /home/sancharyamg/ActiveSplat/install/activesplat/share/activesplat/srv/GetVoronoiGraph.idl\n'}
[11.098428] (activesplat) StdoutLine: {'line': b'-- Symlinking: /home/sancharyamg/ActiveSplat/install/activesplat/share/activesplat/srv/GetNavPath.idl\n'}
[11.106451] (activesplat) StdoutLine: {'line': b'-- Symlinking: /home/sancharyamg/ActiveSplat/install/activesplat/share/activesplat/msg/Frame.msg\n'}
[11.113740] (activesplat) StdoutLine: {'line': b'-- Symlinking: /home/sancharyamg/ActiveSplat/install/activesplat/share/activesplat/srv/GetDatasetConfig.srv\n'}
[11.121023] (activesplat) StdoutLine: {'line': b'-- Symlinking: /home/sancharyamg/ActiveSplat/install/activesplat/share/activesplat/srv/ResetEnv.srv\n'}
[11.128298] (activesplat) StdoutLine: {'line': b'-- Symlinking: /home/sancharyamg/ActiveSplat/install/activesplat/share/activesplat/srv/GetTopdownConfig.srv\n'}
[11.133804] (-) TimerEvent: {}
[11.135439] (activesplat) StdoutLine: {'line': b'-- Symlinking: /home/sancharyamg/ActiveSplat/install/activesplat/share/activesplat/srv/GetTopdown.srv\n'}
[11.143217] (activesplat) StdoutLine: {'line': b'-- Symlinking: /home/sancharyamg/ActiveSplat/install/activesplat/share/activesplat/srv/SetPlannerState.srv\n'}
[11.150941] (activesplat) StdoutLine: {'line': b'-- Symlinking: /home/sancharyamg/ActiveSplat/install/activesplat/share/activesplat/srv/SetMapper.srv\n'}
[11.158181] (activesplat) StdoutLine: {'line': b'-- Symlinking: /home/sancharyamg/ActiveSplat/install/activesplat/share/activesplat/srv/GetOpacity.srv\n'}
[11.165424] (activesplat) StdoutLine: {'line': b'-- Symlinking: /home/sancharyamg/ActiveSplat/install/activesplat/share/activesplat/srv/GetVoronoiGraph.srv\n'}
[11.173307] (activesplat) StdoutLine: {'line': b'-- Symlinking: /home/sancharyamg/ActiveSplat/install/activesplat/share/activesplat/srv/GetNavPath.srv\n'}
[11.181425] (activesplat) StdoutLine: {'line': b'-- Symlinking: /home/sancharyamg/ActiveSplat/install/activesplat/lib/activesplat/mapper_node.py\n'}
[11.188649] (activesplat) StdoutLine: {'line': b'-- Symlinking: /home/sancharyamg/ActiveSplat/install/activesplat/lib/activesplat/planner_node.py\n'}
[11.196431] (activesplat) StdoutLine: {'line': b'-- Symlinking: /home/sancharyamg/ActiveSplat/install/activesplat/share/activesplat/launch/habitat.launch\n'}
[11.203402] (activesplat) StdoutLine: {'line': b'-- Symlinking: /home/sancharyamg/ActiveSplat/install/activesplat/share/activesplat/launch/habitat.launch.py\n'}
[11.212791] (activesplat) StdoutLine: {'line': b'-- Symlinking: /home/sancharyamg/ActiveSplat/install/activesplat/share/activesplat/config/.templates/user_config.json\n'}
[11.221907] (activesplat) StdoutLine: {'line': b'-- Symlinking: /home/sancharyamg/ActiveSplat/install/activesplat/share/activesplat/config/datasets/gibson.json\n'}
[11.229511] (activesplat) StdoutLine: {'line': b'-- Symlinking: /home/sancharyamg/ActiveSplat/install/activesplat/share/activesplat/config/datasets/gibson_high_resolution.json\n'}
[11.233897] (-) TimerEvent: {}
[11.236775] (activesplat) StdoutLine: {'line': b'-- Symlinking: /home/sancharyamg/ActiveSplat/install/activesplat/share/activesplat/config/datasets/gibson_large.json\n'}
[11.244583] (activesplat) StdoutLine: {'line': b'-- Symlinking: /home/sancharyamg/ActiveSplat/install/activesplat/share/activesplat/config/datasets/mp3d.json\n'}
[11.252446] (activesplat) StdoutLine: {'line': b'-- Symlinking: /home/sancharyamg/ActiveSplat/install/activesplat/share/activesplat/config/datasets/mp3d_large.json\n'}
[11.260652] (activesplat) StdoutLine: {'line': b'-- Symlinking: /home/sancharyamg/ActiveSplat/install/activesplat/share/activesplat/config/env/activesplat_high_resolution_pointnav.yaml\n'}
[11.268683] (activesplat) StdoutLine: {'line': b'-- Symlinking: /home/sancharyamg/ActiveSplat/install/activesplat/share/activesplat/config/env/activesplat_pointnav.yaml\n'}
[11.276562] (activesplat) StdoutLine: {'line': b'-- Symlinking: /home/sancharyamg/ActiveSplat/install/activesplat/share/activesplat/config/splatam/online_habitat_sim.py\n'}
[11.284074] (activesplat) StdoutLine: {'line': b'-- Symlinking: /home/sancharyamg/ActiveSplat/install/activesplat/share/activesplat/config/user_config.json\n'}
[11.292129] (activesplat) StdoutLine: {'line': b'-- Symlinking: /home/sancharyamg/ActiveSplat/install/activesplat/share/ament_index/resource_index/package_run_dependencies/activesplat\n'}
[11.300126] (activesplat) StdoutLine: {'line': b'-- Symlinking: /home/sancharyamg/ActiveSplat/install/activesplat/share/ament_index/resource_index/parent_prefix_path/activesplat\n'}
[11.307559] (activesplat) StdoutLine: {'line': b'-- Symlinking: /home/sancharyamg/ActiveSplat/install/activesplat/share/activesplat/environment/ament_prefix_path.sh\n'}
[11.316081] (activesplat) StdoutLine: {'line': b'-- Symlinking: /home/sancharyamg/ActiveSplat/install/activesplat/share/activesplat/environment/ament_prefix_path.dsv\n'}
[11.324070] (activesplat) StdoutLine: {'line': b'-- Symlinking: /home/sancharyamg/ActiveSplat/install/activesplat/share/activesplat/environment/path.sh\n'}
[11.331932] (activesplat) StdoutLine: {'line': b'-- Symlinking: /home/sancharyamg/ActiveSplat/install/activesplat/share/activesplat/environment/path.dsv\n'}
[11.333983] (-) TimerEvent: {}
[11.339610] (activesplat) StdoutLine: {'line': b'-- Symlinking: /home/sancharyamg/ActiveSplat/install/activesplat/share/activesplat/local_setup.bash\n'}
[11.347176] (activesplat) StdoutLine: {'line': b'-- Symlinking: /home/sancharyamg/ActiveSplat/install/activesplat/share/activesplat/local_setup.sh\n'}
[11.354695] (activesplat) StdoutLine: {'line': b'-- Symlinking: /home/sancharyamg/ActiveSplat/install/activesplat/share/activesplat/local_setup.zsh\n'}
[11.362597] (activesplat) StdoutLine: {'line': b'-- Symlinking: /home/sancharyamg/ActiveSplat/install/activesplat/share/activesplat/local_setup.dsv\n'}
[11.370055] (activesplat) StdoutLine: {'line': b'-- Symlinking: /home/sancharyamg/ActiveSplat/install/activesplat/share/activesplat/package.dsv\n'}
[11.378023] (activesplat) StdoutLine: {'line': b'-- Symlinking: /home/sancharyamg/ActiveSplat/install/activesplat/share/ament_index/resource_index/packages/activesplat\n'}
[11.385546] (activesplat) StdoutLine: {'line': b'-- Symlinking: /home/sancharyamg/ActiveSplat/install/activesplat/share/activesplat/cmake/rosidl_cmake-extras.cmake\n'}
[11.393066] (activesplat) StdoutLine: {'line': b'-- Symlinking: /home/sancharyamg/ActiveSplat/install/activesplat/share/activesplat/cmake/ament_cmake_export_dependencies-extras.cmake\n'}
[11.400754] (activesplat) StdoutLine: {'line': b'-- Symlinking: /home/sancharyamg/ActiveSplat/install/activesplat/share/activesplat/cmake/ament_cmake_export_include_directories-extras.cmake\n'}
[11.408391] (activesplat) StdoutLine: {'line': b'-- Symlinking: /home/sancharyamg/ActiveSplat/install/activesplat/share/activesplat/cmake/ament_cmake_export_libraries-extras.cmake\n'}
[11.416064] (activesplat) StdoutLine: {'line': b'-- Symlinking: /home/sancharyamg/ActiveSplat/install/activesplat/share/activesplat/cmake/ament_cmake_export_targets-extras.cmake\n'}
[11.423654] (activesplat) StdoutLine: {'line': b'-- Symlinking: /home/sancharyamg/ActiveSplat/install/activesplat/share/activesplat/cmake/rosidl_cmake_export_typesupport_targets-extras.cmake\n'}
[11.431132] (activesplat) StdoutLine: {'line': b'-- Symlinking: /home/sancharyamg/ActiveSplat/install/activesplat/share/activesplat/cmake/rosidl_cmake_export_typesupport_libraries-extras.cmake\n'}
[11.434071] (-) TimerEvent: {}
[11.438938] (activesplat) StdoutLine: {'line': b'-- Symlinking: /home/sancharyamg/ActiveSplat/install/activesplat/share/activesplat/cmake/activesplatConfig.cmake\n'}
[11.447042] (activesplat) StdoutLine: {'line': b'-- Symlinking: /home/sancharyamg/ActiveSplat/install/activesplat/share/activesplat/cmake/activesplatConfig-version.cmake\n'}
[11.454548] (activesplat) StdoutLine: {'line': b'-- Symlinking: /home/sancharyamg/ActiveSplat/install/activesplat/share/activesplat/package.xml\n'}
[11.463048] (activesplat) StdoutLine: {'line': b'-- Installing: /home/sancharyamg/ActiveSplat/install/activesplat/lib/libactivesplat__rosidl_generator_c.so\n'}
[11.463983] (activesplat) StdoutLine: {'line': b'-- Set non-toolchain portion of runtime path of "/home/sancharyamg/ActiveSplat/install/activesplat/lib/libactivesplat__rosidl_generator_c.so" to ""\n'}
[11.464197] (activesplat) StdoutLine: {'line': b'-- Installing: /home/sancharyamg/ActiveSplat/install/activesplat/lib/libactivesplat__rosidl_typesupport_fastrtps_c.so\n'}
[11.464868] (activesplat) StdoutLine: {'line': b'-- Set non-toolchain portion of runtime path of "/home/sancharyamg/ActiveSplat/install/activesplat/lib/libactivesplat__rosidl_typesupport_fastrtps_c.so" to ""\n'}
[11.464979] (activesplat) StdoutLine: {'line': b'-- Installing: /home/sancharyamg/ActiveSplat/install/activesplat/lib/libactivesplat__rosidl_typesupport_fastrtps_cpp.so\n'}
[11.467067] (activesplat) StdoutLine: {'line': b'-- Set non-toolchain portion of runtime path of "/home/sancharyamg/ActiveSplat/install/activesplat/lib/libactivesplat__rosidl_typesupport_fastrtps_cpp.so" to ""\n'}
[11.467168] (activesplat) StdoutLine: {'line': b'-- Installing: /home/sancharyamg/ActiveSplat/install/activesplat/lib/libactivesplat__rosidl_typesupport_introspection_c.so\n'}
[11.467902] (activesplat) StdoutLine: {'line': b'-- Set non-toolchain portion of runtime path of "/home/sancharyamg/ActiveSplat/install/activesplat/lib/libactivesplat__rosidl_typesupport_introspection_c.so" to ""\n'}
[11.468119] (activesplat) StdoutLine: {'line': b'-- Installing: /home/sancharyamg/ActiveSplat/install/activesplat/lib/libactivesplat__rosidl_typesupport_c.so\n'}
[11.468473] (activesplat) StdoutLine: {'line': b'-- Set non-toolchain portion of runtime path of "/home/sancharyamg/ActiveSplat/install/activesplat/lib/libactivesplat__rosidl_typesupport_c.so" to ""\n'}
[11.468587] (activesplat) StdoutLine: {'line': b'-- Installing: /home/sancharyamg/ActiveSplat/install/activesplat/lib/libactivesplat__rosidl_typesupport_introspection_cpp.so\n'}
[11.470214] (activesplat) StdoutLine: {'line': b'-- Set non-toolchain portion of runtime path of "/home/sancharyamg/ActiveSplat/install/activesplat/lib/libactivesplat__rosidl_typesupport_introspection_cpp.so" to ""\n'}
[11.470341] (activesplat) StdoutLine: {'line': b'-- Installing: /home/sancharyamg/ActiveSplat/install/activesplat/lib/libactivesplat__rosidl_typesupport_cpp.so\n'}
[11.471603] (activesplat) StdoutLine: {'line': b'-- Set non-toolchain portion of runtime path of "/home/sancharyamg/ActiveSplat/install/activesplat/lib/libactivesplat__rosidl_typesupport_cpp.so" to ""\n'}
[11.514934] (activesplat) StdoutLine: {'line': b"Listing '/home/sancharyamg/ActiveSplat/install/activesplat/lib/python3.12/site-packages/activesplat'...\n"}
[11.515069] (activesplat) StdoutLine: {'line': b"Compiling '/home/sancharyamg/ActiveSplat/install/activesplat/lib/python3.12/site-packages/activesplat/__init__.py'...\n"}
[11.515116] (activesplat) StdoutLine: {'line': b"Listing '/home/sancharyamg/ActiveSplat/install/activesplat/lib/python3.12/site-packages/activesplat/msg'...\n"}
[11.515154] (activesplat) StdoutLine: {'line': b"Compiling '/home/sancharyamg/ActiveSplat/install/activesplat/lib/python3.12/site-packages/activesplat/msg/__init__.py'...\n"}
[11.515291] (activesplat) StdoutLine: {'line': b"Compiling '/home/sancharyamg/ActiveSplat/install/activesplat/lib/python3.12/site-packages/activesplat/msg/_frame.py'...\n"}
[11.515359] (activesplat) StdoutLine: {'line': b"Listing '/home/sancharyamg/ActiveSplat/install/activesplat/lib/python3.12/site-packages/activesplat/srv'...\n"}
[11.515400] (activesplat) StdoutLine: {'line': b"Compiling '/home/sancharyamg/ActiveSplat/install/activesplat/lib/python3.12/site-packages/activesplat/srv/__init__.py'...\n"}
[11.515435] (activesplat) StdoutLine: {'line': b"Compiling '/home/sancharyamg/ActiveSplat/install/activesplat/lib/python3.12/site-packages/activesplat/srv/_get_dataset_config.py'...\n"}
[11.515469] (activesplat) StdoutLine: {'line': b"Compiling '/home/sancharyamg/ActiveSplat/install/activesplat/lib/python3.12/site-packages/activesplat/srv/_get_nav_path.py'...\n"}
[11.515502] (activesplat) StdoutLine: {'line': b"Compiling '/home/sancharyamg/ActiveSplat/install/activesplat/lib/python3.12/site-packages/activesplat/srv/_get_opacity.py'...\n"}
[11.515534] (activesplat) StdoutLine: {'line': b"Compiling '/home/sancharyamg/ActiveSplat/install/activesplat/lib/python3.12/site-packages/activesplat/srv/_get_topdown.py'...\n"}
[11.515566] (activesplat) StdoutLine: {'line': b"Compiling '/home/sancharyamg/ActiveSplat/install/activesplat/lib/python3.12/site-packages/activesplat/srv/_get_topdown_config.py'...\n"}
[11.515597] (activesplat) StdoutLine: {'line': b"Compiling '/home/sancharyamg/ActiveSplat/install/activesplat/lib/python3.12/site-packages/activesplat/srv/_get_voronoi_graph.py'...\n"}
[11.515629] (activesplat) StdoutLine: {'line': b"Compiling '/home/sancharyamg/ActiveSplat/install/activesplat/lib/python3.12/site-packages/activesplat/srv/_reset_env.py'...\n"}
[11.515661] (activesplat) StdoutLine: {'line': b"Compiling '/home/sancharyamg/ActiveSplat/install/activesplat/lib/python3.12/site-packages/activesplat/srv/_set_mapper.py'...\n"}
[11.515692] (activesplat) StdoutLine: {'line': b"Compiling '/home/sancharyamg/ActiveSplat/install/activesplat/lib/python3.12/site-packages/activesplat/srv/_set_planner_state.py'...\n"}
[11.519104] (activesplat) StdoutLine: {'line': b'-- Installing: /home/sancharyamg/ActiveSplat/install/activesplat/lib/libactivesplat__rosidl_generator_py.so\n'}
[11.519895] (activesplat) StdoutLine: {'line': b'-- Set non-toolchain portion of runtime path of "/home/sancharyamg/ActiveSplat/install/activesplat/lib/libactivesplat__rosidl_generator_py.so" to ""\n'}
[11.520006] (activesplat) StdoutLine: {'line': b'-- Installing: /home/sancharyamg/ActiveSplat/install/activesplat/share/activesplat/cmake/export_activesplat__rosidl_generator_cExport.cmake\n'}
[11.520231] (activesplat) StdoutLine: {'line': b'-- Installing: /home/sancharyamg/ActiveSplat/install/activesplat/share/activesplat/cmake/export_activesplat__rosidl_generator_cExport-noconfig.cmake\n'}
[11.520453] (activesplat) StdoutLine: {'line': b'-- Installing: /home/sancharyamg/ActiveSplat/install/activesplat/share/activesplat/cmake/export_activesplat__rosidl_typesupport_fastrtps_cExport.cmake\n'}
[11.520736] (activesplat) StdoutLine: {'line': b'-- Installing: /home/sancharyamg/ActiveSplat/install/activesplat/share/activesplat/cmake/export_activesplat__rosidl_typesupport_fastrtps_cExport-noconfig.cmake\n'}
[11.520961] (activesplat) StdoutLine: {'line': b'-- Installing: /home/sancharyamg/ActiveSplat/install/activesplat/share/activesplat/cmake/export_activesplat__rosidl_generator_cppExport.cmake\n'}
[11.521192] (activesplat) StdoutLine: {'line': b'-- Installing: /home/sancharyamg/ActiveSplat/install/activesplat/share/activesplat/cmake/export_activesplat__rosidl_typesupport_fastrtps_cppExport.cmake\n'}
[11.521411] (activesplat) StdoutLine: {'line': b'-- Installing: /home/sancharyamg/ActiveSplat/install/activesplat/share/activesplat/cmake/export_activesplat__rosidl_typesupport_fastrtps_cppExport-noconfig.cmake\n'}
[11.521649] (activesplat) StdoutLine: {'line': b'-- Installing: /home/sancharyamg/ActiveSplat/install/activesplat/share/activesplat/cmake/activesplat__rosidl_typesupport_introspection_cExport.cmake\n'}
[11.521868] (activesplat) StdoutLine: {'line': b'-- Installing: /home/sancharyamg/ActiveSplat/install/activesplat/share/activesplat/cmake/activesplat__rosidl_typesupport_introspection_cExport-noconfig.cmake\n'}
[11.522108] (activesplat) StdoutLine: {'line': b'-- Installing: /home/sancharyamg/ActiveSplat/install/activesplat/share/activesplat/cmake/activesplat__rosidl_typesupport_cExport.cmake\n'}
[11.522328] (activesplat) StdoutLine: {'line': b'-- Installing: /home/sancharyamg/ActiveSplat/install/activesplat/share/activesplat/cmake/activesplat__rosidl_typesupport_cExport-noconfig.cmake\n'}
[11.522545] (activesplat) StdoutLine: {'line': b'-- Installing: /home/sancharyamg/ActiveSplat/install/activesplat/share/activesplat/cmake/activesplat__rosidl_typesupport_introspection_cppExport.cmake\n'}
[11.522763] (activesplat) StdoutLine: {'line': b'-- Installing: /home/sancharyamg/ActiveSplat/install/activesplat/share/activesplat/cmake/activesplat__rosidl_typesupport_introspection_cppExport-noconfig.cmake\n'}
[11.522988] (activesplat) StdoutLine: {'line': b'-- Installing: /home/sancharyamg/ActiveSplat/install/activesplat/share/activesplat/cmake/activesplat__rosidl_typesupport_cppExport.cmake\n'}
[11.523240] (activesplat) StdoutLine: {'line': b'-- Installing: /home/sancharyamg/ActiveSplat/install/activesplat/share/activesplat/cmake/activesplat__rosidl_typesupport_cppExport-noconfig.cmake\n'}
[11.523443] (activesplat) StdoutLine: {'line': b'-- Installing: /home/sancharyamg/ActiveSplat/install/activesplat/share/activesplat/cmake/export_activesplat__rosidl_generator_pyExport.cmake\n'}
[11.523774] (activesplat) StdoutLine: {'line': b'-- Installing: /home/sancharyamg/ActiveSplat/install/activesplat/share/activesplat/cmake/export_activesplat__rosidl_generator_pyExport-noconfig.cmake\n'}
[11.526899] (activesplat) CommandEnded: {'returncode': 0}
[11.534201] (-) TimerEvent: {}
[11.553774] (activesplat) JobEnded: {'identifier': 'activesplat', 'rc': 0}
[11.554631] (-) EventReactorShutdown: {}
